start;end;start_time;end_time;start_speed;end_speed;L/h;L/km;NOx;CO;HC;PM;CO2
(43.391264, -5.801079, 173.2862721503871);(43.391468, -5.801223, 174.6766786202788);0;8.0498425674159;0;6.333333333333334;4.021525495024361;0.35276539430038245;0.004443537429687411;0.01666326536132779;0.0014441496646484086;0.00011108843574218527;115.6917831812913
(43.391468, -5.801223, 174.6766786202788);(43.391768, -5.801411, 174.9100775970146);8.0498425674159;13.046987861056927;6.333333333333334;8.333333333333334;14.004329479739665;0.5304670257477145;0.01547391961032963;0.0580271985387361;0.0050290238733571285;0.0003868479902582407;280.2465939415544
(43.391768, -5.801411, 174.9100775970146);(43.392097, -5.801549, 175.4675523051992);13.046987861056927;17.63384913289616;8.333333333333334;8.333333333333334;14.809100675308349;0.49363668917694475;0.016363142104198734;0.06136178289074524;0.005318021183864588;0.00040907855260496824;284.11603974771594
(43.392097, -5.801549, 175.4675523051992);(43.39219, -5.801838, 174.6787773203105);17.63384913289616;20.70504241152076;8.333333333333334;8.333333333333334;4.5616409802044995;0.1520546993401499;0.005040331700349416;0.018901243876310307;0.00163810780261356;0.0001260082925087354;130.70633133117855
(43.39219, -5.801838, 174.6787773203105);(43.392091, -5.802117, 174.6218505902216);20.70504241152076;23.72167635415015;8.333333333333334;8.333333333333334;8.081405334267243;0.26938017780890816;0.008929454042184176;0.03348545265819066;0.0029020725637098573;0.0002232363510546044;235.74742011808223
(43.392091, -5.802117, 174.6218505902216);(43.392029, -5.802437, 174.8956168377772);23.72167635415015;26.94080017105565;8.333333333333334;8.333333333333334;9.273246389235565;0.30910821297451896;0.01024636483748868;0.03842386814058255;0.003330068572183821;0.000256159120937217;253.49931492762033
(43.392029, -5.802437, 174.8956168377772);(43.391929, -5.802772, 175.2724560108036);26.94080017105565;30.460132165700607;8.333333333333334;8.333333333333334;9.00409759294642;0.3001365864315473;0.009948972031712406;0.03730864511892152;0.0032334159103065314;0.0002487243007928101;225.14516657847193
(43.391929, -5.802772, 175.2724560108036);(43.391746, -5.80312, 175.396753099747);30.460132165700607;34.63147116150711;8.333333333333334;8.333333333333334;6.88131289178073;0.229377096392691;0.007603425973016981;0.02851284739881368;0.0024711134412305187;0.00019008564932542453;145.1705399837982
(43.391746, -5.80312, 175.396753099747);(43.391587, -5.803391, 173.9241051021963);34.63147116150711;38.01314838048431;8.333333333333334;8.333333333333334;0.0;0.0;0.0;0.0;0.0;0.0;0.0
(43.391587, -5.803391, 173.9241051021963);(43.391521, -5.803765, 173.1439117807895);38.01314838048431;41.2198774771775;8.333333333333334;11.11111111111111;1.4803282354292853;0.04229509244083676;0.0016356713218632227;0.006133767456987085;0.0005315931796055474;4.089178304658057e-05;34.82022979707049
(43.391521, -5.803765, 173.1439117807895);(43.391702, -5.803995, 173.5851919092238);41.2198774771775;43.68731783463954;11.11111111111111;11.11111111111111;11.894351216973785;0.2973587804243447;0.013142523875545112;0.049284464533294166;0.004271320259552161;0.0003285630968886278;318.1544704601215
(43.391702, -5.803995, 173.5851919092238);(43.391608, -5.804345, 173.6545990938321);43.68731783463954;46.40705711454319;11.11111111111111;11.11111111111111;8.531141007780692;0.21327852519451715;0.00942638419995521;0.03534894074983204;0.0030635748649854434;0.00023565960499888027;207.02547140234427
(43.391608, -5.804345, 173.6545990938321);(43.391336, -5.804537, 173.5430060308427);46.40705711454319;49.12611409574018;11.11111111111111;13.88888888888889;7.846647122278836;0.1743699360506409;0.00867006070918464;0.032512727659442395;0.002817769730485008;0.00021675151772961599;169.30010454251033
(43.391336, -5.804537, 173.5430060308427);(43.391149, -5.804765, 173.5826874403283);49.12611409574018;51.127768902937476;13.88888888888889;13.88888888888889;11.325547936532123;0.2265109587306424;0.01251403136197068;0.046927617607390046;0.004067060192640471;0.000312850784049267;298.74728094910415
(43.391149, -5.804765, 173.5826874403283);(43.390955, -5.80502, 172.4374161697924);51.127768902937476;53.27743905218594;13.88888888888889;13.88888888888889;0.12162862417595335;0.0024325724835190694;0.0001343921217746645;0.0005039704566549919;4.367743957676597e-05;3.3598030443666124e-06;2.987431052496823
(43.390955, -5.80502, 172.4374161697924);(43.390719, -5.805261, 172.7348168874159);53.27743905218594;55.63124508467843;13.88888888888889;13.88888888888889;12.811274134631317;0.25622548269262624;0.01415566709937658;0.05308375162266218;0.004600591807297389;0.0003538916774844145;287.3793613283599
(43.390719, -5.805261, 172.7348168874159);(43.390506, -5.805509, 171.9668069882318);55.63124508467843;57.866442123851876;13.88888888888889;13.88888888888889;3.2330170365997475;0.06466034073199498;0.0035722842564898448;0.013396065961836918;0.0011609923833591994;8.930710641224611e-05;76.37058234275015
(43.390506, -5.805509, 171.9668069882318);(43.390301, -5.805754, 171.1944854445755);57.866442123851876;60.041715214104954;13.88888888888889;13.88888888888889;2.7380980143761477;0.054761960287522865;0.0030254292874896944;0.011345359828086352;0.0009832645184341506;7.563573218724236e-05;66.46134492577225
(43.390301, -5.805754, 171.1944854445755);(43.390094, -5.805994, 170.5229803230613);60.041715214104954;62.21013070915046;13.88888888888889;13.88888888888889;3.389623913191634;0.06779247826383275;0.003745325188032732;0.014044969455122742;0.0012172306861106378;9.36331297008183e-05;82.53590837431385
(43.390094, -5.805994, 170.5229803230613);(43.389893, -5.806235, 169.2917851209641);62.21013070915046;64.34595991799165;13.88888888888889;13.88888888888889;0.0;0.0;0.0;0.0;0.0;0.0;0.0
(43.389893, -5.806235, 169.2917851209641);(43.389684, -5.806444, 168.7992813456804);64.34595991799165;66.41516191685788;13.88888888888889;13.88888888888889;4.370581695828583;0.08741163391657182;0.004829222984897015;0.018109586193363805;0.00156949747009153;0.00012073057462242536;111.52449768857382
(43.389684, -5.806444, 168.7992813456804);(43.38949, -5.80665, 168.2228646520525);66.41516191685788;68.37792308857006;13.88888888888889;13.88888888888889;3.085141729365004;0.06170283458730003;0.0034088911701008378;0.01278334188787814;0.0011078896302827723;8.522227925252093e-05;82.99302312383406
(43.38949, -5.80665, 168.2228646520525);(43.389303, -5.806833, 168.2199017191306);68.37792308857006;70.21566532098988;13.88888888888889;12.88888888888889;8.679172952870312;0.17358345905740638;0.009589950361504854;0.0359623138556432;0.0031167338674890767;0.0002397487590376213;249.36050542199456
(43.389303, -5.806833, 168.2199017191306);(43.388976, -5.8071, 167.9087474616244);70.21566532098988;73.89246108356127;12.88888888888889;10.11111111111111;5.419988753479351;0.130917602741047;0.005988753005387678;0.02245782377020379;0.0019463447267509953;0.00014971882513469196;94.00099803059256
(43.388976, -5.8071, 167.9087474616244);(43.388773, -5.807356, 167.1003944259137);73.89246108356127;76.78013914437842;10.11111111111111;11.11111111111111;0.0;0.0;0.0;0.0;0.0;0.0;0.0
(43.388773, -5.807356, 167.1003944259137);(43.388597, -5.807597, 166.6479760687798);76.78013914437842;79.26722061124138;11.11111111111111;11.11111111111111;1.989329840011477;0.04973324600028704;0.0021980866750744097;0.008242825031529037;0.0007143781693991832;5.495216687686025e-05;52.79110121244462
(43.388597, -5.807597, 166.6479760687798);(43.38832, -5.807486, 166.8676801631227);79.26722061124138;82.15280675682057;11.11111111111111;11.11111111111111;6.978595093889786;0.17446487734724447;0.007710916801273283;0.02891593800477481;0.0025060479604138166;0.00019277292003183204;159.61653991940634
(43.38832, -5.807486, 166.8676801631227);(43.387998, -5.807692, 166.7433000151068);82.15280675682057;85.70569899095925;11.11111111111111;11.11111111111111;4.675872671646912;0.11689681679117274;0.0051665506680543035;0.019374565005203636;0.0016791289671176486;0.00012916376670135758;86.86095045703266
(43.387998, -5.807692, 166.7433000151068);(43.387777, -5.807941, 167.5101149203256);85.70569899095925;88.56581544340108;11.11111111111111;11.11111111111111;10.526326904271869;0.2631581726067969;0.01163094145595472;0.0436160304598302;0.0037800559731852846;0.000290773536398868;242.90534572073472
(43.387777, -5.807941, 167.5101149203256);(43.387537, -5.808199, 167.6010423181579);88.56581544340108;91.61518836939756;11.11111111111111;11.11111111111111;5.736026239340883;0.14340065598352217;0.0063379549187778895;0.023767330945417085;0.002059835348602814;0.00015844887296944724;124.14937135732134
(43.387537, -5.808199, 167.6010423181579);(43.387292, -5.808443, 167.2344970703125);91.61518836939756;94.30654250985113;11.11111111111111;13.88888888888889;2.9991695448089515;0.06664821210686568;0.0033138972130913728;0.012427114549092648;0.001077016594254696;8.284743032728432e-05;65.37648736649449
(43.387292, -5.808443, 167.2344970703125);(43.387057, -5.808682, 167.5668138219044);94.30654250985113;96.64701779545092;13.88888888888889;13.88888888888889;9.951727678130597;0.1990345535626113;0.01099604478015665;0.04123516792558743;0.003573714553550911;0.00027490111950391623;224.5062037775957
(43.387057, -5.808682, 167.5668138219044);(43.386836, -5.808918, 166.8910588286817);96.64701779545092;98.88774139986344;13.88888888888889;6.888888888888889;1.1025342734111507;0.02205068546822302;0.0012182323144481234;0.004568371179180463;0.00039592550219564015;3.0455807861203087e-05;25.979915381563263
(43.386836, -5.808918, 166.8910588286817);(43.386667625905886, -5.809118578890227, 166.01692263549194);98.88774139986344;106.08207082589705;6.888888888888889;0;0.0;0.0;0.0;0.0;0.0;0.0;0.0
(43.386667625905886, -5.809118578890227, 166.01692263549194);(43.386338, -5.809368, 165.1427864423022);106.08207082589705;113.7647706250053;0;9.88888888888889;0.0;0.0;0.0;0.0;0.0;0.0;0.0
(43.386338, -5.809368, 165.1427864423022);(43.386037, -5.809432, 165.9132477268577);113.7647706250053;116.73616503571395;9.88888888888889;12.88888888888889;9.700932187292258;0.2366081021290798;0.010718931243983421;0.04019599216493783;0.003483652654294612;0.0002679732810995855;210.21961519803682
(43.386037, -5.809432, 165.9132477268577);(43.38581, -5.809413, 166.0936301276088);116.73616503571395;118.62330491130464;12.88888888888889;4.888888888888889;7.746837641178864;0.16072277263856594;0.008559777393648252;0.03209916522618094;0.002781927652935682;0.0002139944348412063;224.84190242284083
(43.38581, -5.809413, 166.0936301276088);(43.385562, -5.809665, 167.2776071568951);118.62330491130464;131.75735041918762;4.888888888888889;0.3333333333333339;2.9615730868143024;0.31506096668237243;0.0032723554477762976;0.012271332929161115;0.0010635155205272967;8.180888619440743e-05;63.32861809731399
(43.385562, -5.809665, 167.2776071568951);(43.385734, -5.8099, 166.9423075132072);131.75735041918762;137.60777106617422;0.3333333333333339;0.8888888888888893;0.0;0.0;0.0;0.0;0.0;0.0;0.0
(43.385734, -5.8099, 166.9423075132072);(43.38593, -5.810172, 170.0917267818004);137.60777106617422;150.5773193409569;0.8888888888888893;0.8888888888888893;5.540457766256094;0.6442392751460577;0.006121863828147166;0.022956989355551873;0.001989605744147829;0.00015304659570367915;131.13731105751182
(43.38593, -5.810172, 170.0917267818004);(43.386157, -5.810489, 172.4047704217955);150.5773193409569;159.83378600115543;0.8888888888888893;1.8888888888888893;5.883613232184519;0.42025808801318054;0.006501029435561907;0.024378860383357154;0.00211283456655762;0.0001625257358890477;119.86013595505148
(43.386157, -5.810489, 172.4047704217955);(43.386363, -5.810775, 172.641068351455);159.83378600115543;165.8777980438211;1.8888888888888893;6.888888888888889;2.3299515832705073;0.12010059707579944;0.002574452675342104;0.009654197532532889;0.0008366971194861837;6.436131688355259e-05;52.45945475321582
(43.386363, -5.810775, 172.641068351455);(43.386596, -5.811082, 172.4678992219269);165.8777980438211;169.70159980485758;6.888888888888889;11.88888888888889;2.0529898716946806;0.06073934531641062;0.002268427080452764;0.008506601551697865;0.0007372388011471483;5.67106770113191e-05;41.9351947763784
(43.386596, -5.811082, 172.4678992219269);(43.386808, -5.811364, 170.9072809014469);169.70159980485758;172.24764585631692;11.88888888888889;13.88888888888889;0.0;0.0;0.0;0.0;0.0;0.0;0.0
(43.386808, -5.811364, 170.9072809014469);(43.386987, -5.811597, 166.8477362757549);172.24764585631692;174.22197289023143;13.88888888888889;13.88888888888889;0.0;0.0;0.0;0.0;0.0;0.0;0.0
(43.386987, -5.811597, 166.8477362757549);(43.387318, -5.811726, 165.6864853594452);174.22197289023143;176.97459242116392;13.88888888888889;13.88888888888889;0.0;0.0;0.0;0.0;0.0;0.0;0.0
(43.387318, -5.811726, 165.6864853594452);(43.387417, -5.812029, 165.2718027997762);176.97459242116392;178.91155951426532;13.88888888888889;13.88888888888889;1.0059182434562184;0.020118364869124255;0.0011114775653003892;0.0041680408698764595;0.0003612302087226265;2.778693913250973e-05;27.420436538984386
(43.387417, -5.812029, 165.2718027997762);(43.387238, -5.812246, 164.9991851206869);178.91155951426532;180.82281319660646;13.88888888888889;13.88888888888889;2.391514454278279;0.047830289085565754;0.002642475847628469;0.009909284428606759;0.0008588046504792524;6.606189619071172e-05;66.06761015168853
(43.387238, -5.812246, 164.9991851206869);(43.387011, -5.812222, 165.2327740006149);180.82281319660646;182.64402636812216;13.88888888888889;13.88888888888889;7.712850894836569;0.15425701789673235;0.008522224136887321;0.03195834051332745;0.0027697228444883795;0.00021305560342218302;223.6083801812456
(43.387011, -5.812222, 165.2327740006149);(43.386751, -5.812463, 163.960872056894);182.64402636812216;185.15447701339056;13.88888888888889;13.88888888888889;0.0;0.0;0.0;0.0;0.0;0.0;0.0
(43.386751, -5.812463, 163.960872056894);(43.386529, -5.812764, 162.6834325585514);185.15447701339056;187.65191973503119;13.88888888888889;13.88888888888889;0.0;0.0;0.0;0.0;0.0;0.0;0.0
(43.386529, -5.812764, 162.6834325585514);(43.3864, -5.813127, 161.2784334989265);187.65191973503119;190.00769542806646;13.88888888888889;13.88888888888889;0.0;0.0;0.0;0.0;0.0;0.0;0.0
(43.3864, -5.813127, 161.2784334989265);(43.386332, -5.813444, 160.098024437204);190.00769542806646;191.9354175369032;13.88888888888889;13.88888888888889;0.0;0.0;0.0;0.0;0.0;0.0;0.0
(43.386332, -5.813444, 160.098024437204);(43.386283, -5.813754, 160.8203745000064);191.9354175369032;193.78595556331092;13.88888888888889;13.88888888888889;12.751845332141691;0.2550369066428332;0.014090001941070142;0.052837507279013034;0.004579250630847797;0.00035225004852675355;363.8387452345903
(43.386283, -5.813754, 160.8203745000064);(43.386225, -5.814185, 161.8891762774438);193.78595556331092;196.34287195353332;13.88888888888889;13.88888888888889;13.27656019843884;0.2655312039687758;0.014669779478521928;0.05501167304445723;0.0047676783305196264;0.0003667444869630482;274.15928857047834
(43.386225, -5.814185, 161.8891762774438);(43.386084, -5.814585, 163.8573382431641);196.34287195353332;198.9347667435885;13.88888888888889;13.88888888888889;19.94277729271065;0.3988555458542119;0.02203553787280992;0.08263326702303718;0.007161549808663223;0.0005508884468202479;406.2582497928849
(43.386084, -5.814585, 163.8573382431641);(43.38602, -5.814959, 163.5932929646224);198.9347667435885;201.17596029231245;13.88888888888889;13.88888888888889;2.6629817686740855;0.05325963537348153;0.0029424304727942055;0.01103411427297827;0.0009562899036581168;7.356076181985513e-05;62.736856201485644
(43.38602, -5.814959, 163.5932929646224);(43.385945, -5.815304, 163.7770017310977);201.17596029231245;203.27622328345998;13.88888888888889;13.88888888888889;6.691274048114326;0.1338254809622872;0.007393444781558421;0.02772541793084408;0.002402869554006487;0.00018483611953896053;168.2166810678335
(43.385945, -5.815304, 163.7770017310977);(43.385862, -5.815735, 163.7671659169719);203.27622328345998;205.87688669670746;13.88888888888889;13.88888888888889;4.871160468497329;0.09742320936994694;0.00538233162877174;0.020183743607894024;0.0017492577793508156;0.0001345582907192935;98.89679357448843
(43.385862, -5.815735, 163.7671659169719);(43.385786, -5.816079, 163.717212902382);205.87688669670746;207.97386945207523;13.88888888888889;5.888888888888889;4.451677799716931;0.08903355599433885;0.004918829173761301;0.018445609401604876;0.0015986194814724228;0.0001229707293440325;112.08894647482732
(43.385786, -5.816079, 163.717212902382);(43.38574358801743, -5.816384265009034, 163.4767686920241);207.97386945207523;216.52561007246325;5.888888888888889;0;0.4846434727157931;0.04572108233167861;0.0005355011210872034;0.0020081292040770127;0.00017403786435334109;1.3387528027180085e-05;14.114513373787856
(43.38574358801743, -5.816384265009034, 163.4767686920241);(43.385656, -5.816837, 163.4400627920404);216.52561007246325;224.20157885604422;0;9.88888888888889;0.8811736929719731;0.04950414005460519;0.0009736425372961927;0.0036511595148607224;0.00031643382462126263;2.4341063432404816e-05;17.025985048780797
(43.385656, -5.816837, 163.4400627920404);(43.385579, -5.817168, 163.8479943014681);224.20157885604422;227.29142486768836;9.88888888888889;3.333333333333334;5.308522004330014;0.16184518305884144;0.005865589128241188;0.02199595923090445;0.0019063164666783857;0.0001466397282060297;138.28238742809893
(43.385579, -5.817168, 163.8479943014681);(43.385467, -5.8175, 164.3009287565947);227.29142486768836;232.14162769112886;3.333333333333334;5.888888888888889;3.5451760962912475;0.16114436801323867;0.003917200748371193;0.014689502806391974;0.0012730902432206376;9.793001870927983e-05;87.71202917513811
(43.385467, -5.8175, 164.3009287565947);(43.385423, -5.817935, 164.7869412982836);232.14162769112886;236.38356775308574;5.888888888888889;9.88888888888889;4.634444257832413;0.1534584191335241;0.005120774828098779;0.01920290560537042;0.001664251819132103;0.00012801937070246948;95.50588188311409
(43.385423, -5.817935, 164.7869412982836);(43.385657, -5.818181, 165.378382130526);236.38356775308574;240.1879247215257;9.88888888888889;7.333333333333334;5.675718467503318;0.18308769250010667;0.0062713185535993475;0.02351744457599755;0.0020381785299197876;0.00015678296383998366;127.05209111817118
(43.385657, -5.818181, 165.378382130526);(43.385872, -5.81839, 165.9714090870693);240.1879247215257;243.92589598957713;7.333333333333334;8.333333333333334;5.201573176138912;0.18445294950847144;0.005747417274869538;0.021552814780760765;0.0018679106143326;0.00014368543187173843;130.2727473762015
(43.385872, -5.81839, 165.9714090870693);(43.386076, -5.818682, 165.4891535425559);243.92589598957713;247.8575972055825;8.333333333333334;8.333333333333334;0.0;0.0;0.0;0.0;0.0;0.0;0.0
(43.386076, -5.818682, 165.4891535425559);(43.386178, -5.819067, 162.8771825768054);247.8575972055825;251.84045561025124;8.333333333333334;8.333333333333334;0.0;0.0;0.0;0.0;0.0;0.0;0.0
(43.386178, -5.819067, 162.8771825768054);(43.386264, -5.819453, 163.6250267690048);251.84045561025124;255.76491233451586;8.333333333333334;7.333333333333334;6.019985645543464;0.20066618818478207;0.006651712534273333;0.024943922003524997;0.002161806573638833;0.00016629281335683331;134.9890632077472
(43.386264, -5.819453, 163.6250267690048);(43.386324471734845, -5.819999882771146, 164.353565803729);255.76491233451586;267.98838057458994;7.333333333333334;0;2.167394127396566;0.16419652480277003;0.0023948367210122547;0.008980637703795955;0.0007783219343289829;5.9870918025306375e-05;35.462834030866325
(43.386324471734845, -5.819999882771146, 164.353565803729);(43.386264, -5.820304, 163.1993382554501);267.98838057458994;274.11835039420043;0;8.333333333333334;0.0;0.0;0.0;0.0;0.0;0.0;0.0
(43.386264, -5.820304, 163.1993382554501);(43.386174, -5.820606, 163.784192610532);274.11835039420043;277.29050558773514;8.333333333333334;8.333333333333334;5.853049292389142;0.19510164307963743;0.0064672581687509655;0.02425221813281612;0.0021018589048440637;0.00016168145421877414;162.3717335078762
(43.386174, -5.820606, 163.784192610532);(43.385942, -5.820979, 164.0474150041118);277.29050558773514;282.0571410773875;8.333333333333334;8.333333333333334;3.301378383290742;0.11004594610969126;0.0036478193247471784;0.013679322467801918;0.001185541280542833;9.119548311867946e-05;60.94892264371031
(43.385942, -5.820979, 164.0474150041118);(43.385682, -5.821245, 163.9046409958974);282.0571410773875;286.3820827202556;8.333333333333334;4.333333333333334;1.5521410125455337;0.05173803375151765;0.001715020007689201;0.006431325028834503;0.0005573815024989904;4.287550019223002e-05;31.581561182274626
(43.385682, -5.821245, 163.9046409958974);(43.385376, -5.821448, 164.9122088178992);286.3820827202556;291.6930591070386;4.333333333333334;5.888888888888889;5.6135615366059755;0.21927974752367105;0.0062026389818053695;0.023259896181770132;0.002015857669086745;0.00015506597454513423;109.00039678262335
(43.385376, -5.821448, 164.9122088178992);(43.385152, -5.821513, 165.0115176131949);291.6930591070386;294.91755529218443;5.888888888888889;4.888888888888889;2.7874679565775717;0.09815028016118131;0.0030799800260949716;0.011549925097856142;0.0010009935084808656;7.699950065237428e-05;80.35882964265328
(43.385152, -5.821513, 165.0115176131949);(43.38488, -5.821572, 166.4234413160011);294.91755529218443;299.35877860594223;4.888888888888889;5.888888888888889;8.155357230766377;0.3288450496276748;0.009011166322883837;0.03379187371081439;0.002928629054937247;0.00022527915807209594;195.47563130359745
(43.38488, -5.821572, 166.4234413160011);(43.38463248616602, -5.821483144283495, 167.1531824907288);299.35877860594223;309.01282700747635;5.888888888888889;0;2.272660397461706;0.21440192428884003;0.00251114945151633;0.009416810443186237;0.0008161235717428073;6.277873628790825e-05;58.63043736476316
(43.38463248616602, -5.821483144283495, 167.1531824907288);(43.384333, -5.821324, 166.9522901056334);309.01282700747635;316.2299271419781;0;7.888888888888889;0.4263357986590083;0.023951449362865723;0.00047107474049359557;0.0017665302768509832;0.00015309929066041855;1.1776868512339887e-05;8.761389635662944
(43.384333, -5.821324, 166.9522901056334);(43.384096, -5.821103, 167.3083207160234);316.2299271419781;319.4500431786809;7.888888888888889;11.88888888888889;4.861135133330607;0.13654873970029816;0.0053712542522603626;0.020142203445976357;0.0017456576319846177;0.00013428135630650905;111.94896975759492
(43.384096, -5.821103, 167.3083207160234);(43.383912, -5.820808, 167.4893805589527);319.4500431786809;321.8903808253217;11.88888888888889;13.88888888888889;5.173346284580928;0.11149453199527769;0.0057162283020986806;0.021435856132870055;0.0018577741981820714;0.000142905707552467;120.61673714402212
(43.383912, -5.820808, 167.4893805589527);(43.383771, -5.820446, 167.0662357714027);321.8903808253217;324.28468785564013;13.88888888888889;13.88888888888889;0.7559180883006203;0.015118361766012467;0.0008352428259617966;0.003132160597356737;0.0002714539184375839;2.0881070649044915e-05;16.669739743847625
(43.383771, -5.820446, 167.0662357714027);(43.383682, -5.820098, 167.6946302223951);324.28468785564013;326.4362191227741;13.88888888888889;13.88888888888889;9.992516920121194;0.19985033840242408;0.011041114374701814;0.041404178905131796;0.0035883621717780895;0.0002760278593675453;245.22297279240314
(43.383682, -5.820098, 167.6946302223951);(43.383685, -5.819663, 167.1036640899256);326.4362191227741;328.9742475776403;13.88888888888889;5.888888888888889;0.0;0.0;0.0;0.0;0.0;0.0;0.0
(43.383685, -5.819663, 167.1036640899256);(43.383515, -5.819456, 167.1376055413857);328.9742475776403;337.09357254934076;5.888888888888889;0.3333333333333339;1.0269822275901441;0.09169484174912;0.0011347519675224435;0.004255319878209163;0.00036879438944479416;2.8368799188061083e-05;29.8145945705359
(43.383515, -5.819456, 167.1376055413857);(43.383178, -5.819359, 167.1659710789099);337.09357254934076;345.9220953298724;0.3333333333333339;3.333333333333334;0.9270107987400215;0.05942376915000121;0.0010242897097189128;0.0038410864114459225;0.00033289415565864665;2.560724274297282e-05;17.76953568064041
(43.383178, -5.819359, 167.1659710789099);(43.382941, -5.819292, 167.4039720017463);345.9220953298724;350.32140148862993;3.333333333333334;6.888888888888889;2.616049212273121;0.11891132783059616;0.0028905728950425233;0.010839648356409461;0.0009394361908888199;7.226432237606308e-05;71.35804923416205
(43.382941, -5.819292, 167.4039720017463);(43.38256674342976, -5.819190544574958, 168.1421691132709);350.32140148862993;362.6267075054341;6.888888888888889;0;2.068608834744552;0.1668232931245604;0.0022856850704893513;0.008571319014335067;0.0007428476479090392;5.7142126762233776e-05;35.79053566383545
(43.38256674342976, -5.819190544574958, 168.1421691132709);(43.382316, -5.819153, 167.8361818837002);362.6267075054341;368.9319456508901;0;1.8888888888888893;0.0;0.0;0.0;0.0;0.0;0.0;0.0
(43.382316, -5.819153, 167.8361818837002);(43.382038, -5.819072, 169.767480163835);368.9319456508901;376.12638596284324;1.8888888888888893;0.8888888888888893;6.391480891955014;0.404524107085759;0.0070621918497527645;0.026483219436572863;0.0022952123511696485;0.00017655479624381908;148.44012826572174
(43.382038, -5.819072, 169.767480163835);(43.381739, -5.818988, 174.1634650779888);376.12638596284324;394.07830385728624;0.8888888888888893;0.8888888888888893;5.199876440006043;0.7646877117655945;0.005745542486179517;0.021545784323173188;0.001867301308008343;0.0001436385621544879;112.45458958377253
(43.381739, -5.818988, 174.1634650779888);(43.381474, -5.819031, 178.2745262859389);394.07830385728624;427.4312106577801;0.8888888888888893;0.8888888888888893;2.5734898612885058;0.8042155816526583;0.002843547439324954;0.010663302897468576;0.0009241529177806101;7.108868598312386e-05;63.656494717623204
(43.381474, -5.819031, 178.2745262859389);(43.381254, -5.819191, 180.8998061819002);427.4312106577801;437.0086025509335;0.8888888888888893;2.8888888888888893;5.939569056213939;0.5711124092513413;0.0065628571670512045;0.024610714376442015;0.0021329285792916416;0.0001640714291762801;157.42665406658153
(43.381254, -5.819191, 180.8998061819002);(43.380896, -5.819522, 180.5348407542333);437.0086025509335;443.5011981872366;2.8888888888888893;11.88888888888889;0.5345880530908508;0.020097295228979302;0.0005906867994028537;0.002215075497760701;0.00019197320980592745;1.4767169985071342e-05;8.171902637496819
(43.380896, -5.819522, 180.5348407542333);(43.380748, -5.819838, 180.8378264904022);443.5011981872366;445.86228982179637;11.88888888888889;13.88888888888889;5.9711536263369;0.12868865574002036;0.006597756167372253;0.02474158562764595;0.002144270754395982;0.0001649439041843063;143.89024389432328
(43.380748, -5.819838, 180.8378264904022);(43.380518, -5.819761, 181.0849362174049);445.86228982179637;447.75616662230254;13.88888888888889;13.88888888888889;6.481268052995361;0.1296253610599074;0.0071614011202849985;0.026855254201068744;0.0023274553640926245;0.00017903502800712496;180.6933550834419
(43.380518, -5.819761, 181.0849362174049);(43.380449, -5.819366, 182.3243056675419);447.75616662230254;450.12600276804477;13.88888888888889;13.88888888888889;14.204457913531202;0.284089158270623;0.015695049176062254;0.05885643441023345;0.0051008909822202325;0.00039237622940155634;316.47562603934716
(43.380449, -5.819366, 182.3243056675419);(43.380284, -5.81908, 183.6753282286227);450.12600276804477;452.25358507116596;13.88888888888889;13.88888888888889;16.397311874102435;0.3279462374820511;0.018118017441137873;0.06794256540426703;0.00588835566836981;0.00045295043602844683;406.9304701785256
(43.380284, -5.81908, 183.6753282286227);(43.380073, -5.818807, 185.8066204413772);452.25358507116596;454.57435215239707;13.88888888888889;13.88888888888889;20.111731843575424;0.40223463687150995;0.02422748139415899;0.09085305522809621;0.007873931453101671;0.0006056870348539747;457.56398818681726
(43.380073, -5.818807, 185.8066204413772);(43.379854, -5.818547, 187.568976550363);454.57435215239707;456.89172343321064;13.88888888888889;4.888888888888889;18.844362651610197;0.3768872530322065;0.02082185749776682;0.07808196561662557;0.006767103686774216;0.0005205464374441705;429.3581940204723
(43.379854, -5.818547, 187.568976550363);(43.37963723317274, -5.818374482424776, 188.3598660854623);456.89172343321064;468.28350220471594;4.888888888888889;0;2.052377337865927;0.23322469748476413;0.0022677502683827217;0.008504063506435205;0.0007370188372243844;5.669375670956803e-05;54.04890787555362
(43.37963723317274, -5.818374482424776, 188.3598660854623);(43.379347, -5.81795, 189.9334574714303);468.28350220471594;477.81924365592243;0;8.88888888888889;4.227141124825794;0.23747983847335893;0.004670730008295168;0.01751523753110688;0.0015179872526959294;0.00011676825020737919;65.7470398896296
(43.379347, -5.81795, 189.9334574714303);(43.379106, -5.817648, 190.5447624428198);477.81924365592243;481.1505942154444;8.88888888888889;12.88888888888889;6.338598225608495;0.16169893432674753;0.007003759767801978;0.026264099129257416;0.002276221924535643;0.00017509399419504945;128.14177883574882
(43.379106, -5.817648, 190.5447624428198);(43.378801, -5.817839, 190.9917759802192);481.1505942154444;483.93299652827375;12.88888888888889;13.88888888888889;6.778476797730973;0.14063229870811236;0.007489798436999037;0.028086744138746386;0.002434184492024687;0.00018724496092497591;133.43479010117883
(43.378801, -5.817839, 190.9917759802192);(43.378723, -5.818318, 192.0496401265264);483.93299652827375;486.79664521857944;13.88888888888889;13.88888888888889;11.120760987259194;0.22241521974518258;0.0122877544241938;0.04607907909072675;0.003993520187862985;0.00030719386060484497;205.04476757747852
(43.378723, -5.818318, 192.0496401265264);(43.378684, -5.818629, 192.6108680414036);486.79664521857944;488.6378787813792;13.88888888888889;13.88888888888889;9.844194503674961;0.1968838900734968;0.010877227260233444;0.04078960222587542;0.003535098859575869;0.00027193068150583606;282.29632584128774
(43.378684, -5.818629, 192.6108680414036);(43.378601, -5.818953, 193.2289409982041);488.6378787813792;490.6415427768538;13.88888888888889;13.88888888888889;9.913285384022888;0.19826570768045806;0.010953568418148749;0.04107588156805781;0.0035599097358983436;0.00027383921045371875;261.23215741690734
(43.378601, -5.818953, 193.2289409982041);(43.378559, -5.819262, 193.5665274159983);490.6415427768538;492.4755242349042;13.88888888888889;13.88888888888889;7.458682800420824;0.14917365600841453;0.008241384081946468;0.030905190307299255;0.002678449826632602;0.00020603460204866167;214.73415128245603
(43.378559, -5.819262, 193.5665274159983);(43.378485, -5.819706, 194.2872318997979);492.4755242349042;495.13293417170877;13.88888888888889;13.88888888888889;9.173036505100319;0.18346073010200764;0.01013563910131455;0.03800864662992957;0.003294082707927229;0.0002533909775328637;182.25879295525363
(43.378485, -5.819706, 194.2872318997979);(43.37842, -5.820051, 194.8012808347121);495.13293417170877;497.2120023072066;13.88888888888889;13.88888888888889;8.696785142209524;0.17393570284419063;0.009609410743552503;0.03603529028832188;0.003123058491654563;0.00024023526858881256;220.8634953652973
(43.37842, -5.820051, 194.8012808347121);(43.378361, -5.820368, 195.3514875406399);497.2120023072066;499.12089491542207;13.88888888888889;13.88888888888889;9.500983379170506;0.19001966758340919;0.010498000153527904;0.03936750057572964;0.0034118500498965688;0.0002624500038381976;262.7973518579292
(43.378361, -5.820368, 195.3514875406399);(43.378435, -5.820788, 196.5299166478217);499.12089491542207;501.6419862373842;13.88888888888889;13.88888888888889;13.024118801740695;0.2604823760348115;0.014390847317972745;0.053965677442397796;0.004677025378341142;0.0003597711829493186;272.7681725534254
(43.378435, -5.820788, 196.5299166478217);(43.3785, -5.821134, 195.8713412042707);501.6419862373842;503.72670378054613;13.88888888888889;13.88888888888889;0.0;0.0;0.0;0.0;0.0;0.0;0.0
(43.3785, -5.821134, 195.8713412042707);(43.378337, -5.821382, 196.0701148239896);503.72670378054613;505.6745155740133;13.88888888888889;13.88888888888889;5.820618115010245;0.11641236230020327;0.006431423719671814;0.024117838948769302;0.0020902127088933396;0.00016078559299179536;157.78148458865311
(43.378337, -5.821382, 196.0701148239896);(43.378003, -5.821292, 196.4503273312002);505.6745155740133;508.397369799852;13.88888888888889;13.88888888888889;6.558984348043916;0.1311796869608783;0.007247272829011489;0.02717727310879308;0.0023553636694287334;0.00018118182072528722;127.18799643783504
(43.378003, -5.821292, 196.4503273312002);(43.37772, -5.821404, 196.7810318376869);508.397369799852;510.75358415590654;13.88888888888889;2.8888888888888893;6.569009233164683;0.1313801846632931;0.007258349708249867;0.027218811405937002;0.002358963655181207;0.00018145874270624667;147.20379180266224
(43.37772, -5.821404, 196.7810318376869);(43.377506381499146, -5.821493170771747, 199.4852359043434);510.75358415590654;527.9289226595694;2.8888888888888893;0;3.462437051742601;0.6658532791812691;0.0038257792114933685;0.01434667204310013;0.001243378243735345;9.564448028733422e-05;102.34748250601695
(43.377506381499146, -5.821493170771747, 199.4852359043434);(43.377213, -5.821704, 202.2642611498013);527.9289226595694;538.613165779198;0;0.8888888888888893;5.780318760971103;0.4661547387879897;0.006386895421073011;0.023950857829023786;0.0020757410118487285;0.00015967238552682525;115.18349934768908
(43.377213, -5.821704, 202.2642611498013);(43.376935, -5.821879, 204.8174420548603);538.613165779198;548.6418991797153;0.8888888888888893;0.8888888888888893;5.766148702202641;0.4726351395248066;0.006371238380828845;0.023892143928108164;0.0020706524737693745;0.0001592809595207211;124.41818109165425
(43.376935, -5.821879, 204.8174420548603);(43.376605, -5.822076, 207.2347946595401);548.6418991797153;557.7531486151762;0.8888888888888893;7.888888888888889;6.191251565611086;0.391851364912096;0.006840950803977681;0.025653565514916304;0.0022233090112927464;0.00017102377009944203;113.53959856940362
(43.376605, -5.822076, 207.2347946595401);(43.376321, -5.822246, 209.3345754193142);557.7531486151762;561.997830494225;7.888888888888889;8.333333333333334;11.607259191804847;0.39750887643166843;0.012825304909463379;0.04809489341048767;0.0041682240955755985;0.00032063262273658447;247.23252853398034
(43.376321, -5.822246, 209.3345754193142);(43.376144, -5.822593, 209.6176141817123);561.997830494225;566.1156280554172;8.333333333333334;8.333333333333334;3.312772626289683;0.11042575420965581;0.003660409259912674;0.013726534724672529;0.001189633009471619;9.151023149781686e-05;70.79609591810211
(43.376144, -5.822593, 209.6176141817123);(43.375931, -5.822714, 209.3814228586853);566.1156280554172;569.1894998869457;8.333333333333334;8.333333333333334;0.4390544475242991;0.014635148250809782;0.0004851280623879603;0.001819230233954851;0.00015766662027608708;1.2128201559699007e-05;12.569421725995085
(43.375931, -5.822714, 209.3814228586853);(43.375666, -5.822838, 207.8912817826495);569.1894998869457;572.9226189535924;8.333333333333334;8.333333333333334;0.0;0.0;0.0;0.0;0.0;0.0;0.0
(43.375666, -5.822838, 207.8912817826495);(43.375459974311056, -5.82307718237339, 206.5098355449736);572.9226189535924;580.1212806410565;8.333333333333334;0;0.0;0.0;0.0;0.0;0.0;0.0;0.0
(43.375459974311056, -5.82307718237339, 206.5098355449736);(43.37522, -5.823436, 204.3890836117789);580.1212806410565;589.5897029417387;0;8.333333333333334;0.0;0.0;0.0;0.0;0.0;0.0;0.0
(43.37522, -5.823436, 204.3890836117789);(43.375058, -5.823656, 203.4406726900488);589.5897029417387;592.6298178489636;8.333333333333334;8.333333333333334;0.0;0.0;0.0;0.0;0.0;0.0;0.0
(43.375058, -5.823656, 203.4406726900488);(43.374812, -5.823962, 201.7193941622972);592.6298178489636;597.0583981526687;8.333333333333334;8.333333333333334;0.0;0.0;0.0;0.0;0.0;0.0;0.0
(43.374812, -5.823962, 201.7193941622972);(43.374576, -5.824261, 200.2681555757299);597.0583981526687;601.342686462748;8.333333333333334;8.333333333333334;0.0;0.0;0.0;0.0;0.0;0.0;0.0
(43.374576, -5.824261, 200.2681555757299);(43.374323, -5.824484, 198.6566532161087);601.342686462748;605.3527412053676;8.333333333333334;8.333333333333334;0.0;0.0;0.0;0.0;0.0;0.0;0.0
(43.374323, -5.824484, 198.6566532161087);(43.374046, -5.824638, 195.9348754044622);605.3527412053676;609.3378507872605;8.333333333333334;8.333333333333334;0.0;0.0;0.0;0.0;0.0;0.0;0.0
(43.374046, -5.824638, 195.9348754044622);(43.373738, -5.824704, 192.3287433544174);609.3378507872605;613.4939726682235;8.333333333333334;8.333333333333334;0.0;0.0;0.0;0.0;0.0;0.0;0.0
(43.373738, -5.824704, 192.3287433544174);(43.373512, -5.824801, 189.8955223215744);613.4939726682235;616.6512347463085;8.333333333333334;8.333333333333334;0.0;0.0;0.0;0.0;0.0;0.0;0.0
(43.373512, -5.824801, 189.8955223215744);(43.373248, -5.825041, 189.1621631346643);616.6512347463085;620.8745030740395;8.333333333333334;8.333333333333334;0.0;0.0;0.0;0.0;0.0;0.0;0.0
(43.373248, -5.825041, 189.1621631346643);(43.373169, -5.825429, 190.1754922568798);620.8745030740395;624.7922200502745;8.333333333333334;5.333333333333334;7.030520964250456;0.2343506988083505;0.0077682916827211835;0.029131093810204435;0.0025246947968843845;0.00019420729206802954;157.91999488656407
(43.373169, -5.825429, 190.1754922568798);(43.37318851818499, -5.825653155740056, 193.5572186363861);624.7922200502745;631.6531574181824;5.333333333333334;0;10.011268047463759;1.0428404216108031;0.011061833212938351;0.041481874548518816;0.003595095794204964;0.00027654583032345875;401.2715122470228
(43.37318851818499, -5.825653155740056, 193.5572186363861);(43.373213, -5.826183, 194.7634818609804);631.6531574181824;641.97979792724;0;8.333333333333334;3.124565873214622;0.20830439154764036;0.003452452415465539;0.012946696557995772;0.0011220470350263002;8.631131038663849e-05;53.25290380772209
(43.373213, -5.826183, 194.7634818609804);(43.373235, -5.826522, 195.9844307433814);641.97979792724;645.2897577670478;8.333333333333334;8.333333333333334;9.187414956608045;0.30624716522026413;0.010151526402671852;0.03806822401001944;0.0032992460808683515;0.0002537881600667963;244.26052136887768
(43.373235, -5.826522, 195.9844307433814);(43.373254, -5.826908, 197.5276054805145);645.2897577670478;649.0523296854396;8.333333333333334;8.333333333333334;9.99471739032372;0.33315724634412164;0.011043545758444111;0.041413296594165414;0.003589152371494336;0.0002760886439611028;233.7590216014819
(43.373254, -5.826908, 197.5276054805145);(43.373299, -5.827349, 197.656341294758);649.0523296854396;653.3830211631218;8.333333333333334;8.333333333333334;2.509945559875857;0.08366485199586084;0.002773334908751718;0.010400005907818942;0.0009013338453443084;6.933337271879296e-05;51.00229614770112
(43.373299, -5.827349, 197.656341294758);(43.373329, -5.827721, 197.5817253151909);653.3830211631218;657.0229366714008;8.333333333333334;8.333333333333334;1.517601053340796;0.05058670177802725;0.0016768554848642127;0.006288208068240798;0.0005449780325808691;4.192138712160532e-05;36.690107885811365
(43.373329, -5.827721, 197.5817253151909);(43.373371, -5.828091, 197.5897853467613);657.0229366714008;660.6646636150841;8.333333333333334;8.333333333333334;1.9645311622945552;0.06548437207648537;0.0021706856669797864;0.008140071251174198;0.0007054728417684306;5.426714167449465e-05;47.471637757406
(43.373371, -5.828091, 197.5897853467613);(43.373416, -5.828529, 197.0806181784719);660.6646636150841;664.9664537789229;8.333333333333334;8.333333333333334;0.0;0.0;0.0;0.0;0.0;0.0;0.0
(43.373416, -5.828529, 197.0806181784719);(43.373505, -5.828951, 196.3552618445829);664.9664537789229;669.2386718384494;8.333333333333334;8.333333333333334;0.0;0.0;0.0;0.0;0.0;0.0;0.0
(43.373505, -5.828951, 196.3552618445829);(43.373683, -5.829165, 197.4897104064003);669.2386718384494;672.3951176450523;8.333333333333334;1.333333333333334;8.992997470486323;0.2997665823495411;0.009936707081586739;0.037262651555950266;0.0032294298015156904;0.0002484176770396685;250.7199001317542
(43.373683, -5.829165, 197.4897104064003);(43.373673, -5.829474, 198.2486729379743);672.3951176450523;678.4926337084056;1.333333333333334;0.8888888888888893;3.3983067743057145;0.22961532258822395;0.0037549192135847087;0.014080947050942658;0.0012203487444150303;9.387298033961772e-05;99.41498231979149
(43.373673, -5.829474, 198.2486729379743);(43.373708, -5.82984, 198.6924229077995);678.4926337084056;685.309002959092;0.8888888888888893;2.8888888888888893;2.262642612633209;0.14320522864767093;0.0025000804176626198;0.009375301566234824;0.0008125261357403514;6.250201044156549e-05;55.4638092107143
(43.373708, -5.82984, 198.6924229077995);(43.37383, -5.830239, 199.5300898011774);685.309002959092;691.2630498329498;2.8888888888888893;3.8888888888888893;4.1125898280134185;0.19399008622704808;0.004544157896385197;0.01704059211144449;0.001476851316325189;0.00011360394740962992;86.01440977698923
(43.37383, -5.830239, 199.5300898011774);(43.373966, -5.83054, 199.9183927252889);691.2630498329498;695.7544083860137;3.8888888888888893;4.888888888888889;3.1869807125059433;0.13856437880460476;0.0035214169601145923;0.01320531360042972;0.0011444605120372424;8.80354240028648e-05;81.44750763543807
(43.373966, -5.83054, 199.9183927252889);(43.374259, -5.830544, 200.4880934683606);695.7544083860137;700.1602024137752;4.888888888888889;3.8888888888888893;4.262514657567701;0.16024491193863666;0.004709815578423571;0.01766180841908839;0.0015306900629876606;0.00011774538946058927;96.02050501052098
(43.374259, -5.830544, 200.4880934683606);(43.374418, -5.830218, 202.8396635046229);700.1602024137752;710.3758029175601;3.8888888888888893;0.3333333333333339;5.250814581740885;0.4688227305125779;0.0058018259884667816;0.02175684745675043;0.0018855934462517039;0.00014504564971166953;121.15704877991627
(43.374418, -5.830218, 202.8396635046229);(43.374509, -5.829926, 204.438752877526);710.3758029175601;718.0960094761699;0.3333333333333339;6.333333333333334;4.751256091599811;0.3959380076333179;0.005249844693804731;0.019686917601767738;0.0017061995254865374;0.00013124611734511825;135.39486699176956
(43.374509, -5.829926, 204.438752877526);(43.374698, -5.829718, 205.0144874127582);718.0960094761699;721.7679019302915;6.333333333333334;8.333333333333334;4.701249607676769;0.17807763665442236;0.005194590615889763;0.019479714809586608;0.001688241950164173;0.00012986476539724408;128.0334232665163
(43.374698, -5.829718, 205.0144874127582);(43.374977, -5.829991, 205.2248585550115);721.7679019302915;726.3378688297214;8.333333333333334;8.333333333333334;2.8099607320035753;0.0936653577334527;0.003104833154497778;0.011643124329366665;0.0010090707752117777;7.762082886244444e-05;54.10904495766959
(43.374977, -5.829991, 205.2248585550115);(43.37520543616351, -5.830179383387032, 204.3558369250968);726.3378688297214;733.446061570132;8.333333333333334;0;0.0;0.0;0.0;0.0;0.0;0.0;0.0
(43.37520543616351, -5.830179383387032, 204.3558369250968);(43.375483, -5.830318, 203.1533936709166);733.446061570132;741.3228266009536;0;8.333333333333334;0.0;0.0;0.0;0.0;0.0;0.0;0.0
(43.375483, -5.830318, 203.1533936709166);(43.375574, -5.83064, 202.2372013377026);741.3228266009536;744.6811144101896;8.333333333333334;8.333333333333334;0.0;0.0;0.0;0.0;0.0;0.0;0.0
(43.375574, -5.83064, 202.2372013377026);(43.375811, -5.830949, 200.1670131422579);744.6811144101896;749.0416137923623;8.333333333333334;8.333333333333334;0.0;0.0;0.0;0.0;0.0;0.0;0.0
(43.375811, -5.830949, 200.1670131422579);(43.375762, -5.831318, 197.4243416171521);749.0416137923623;752.6891428322408;8.333333333333334;8.333333333333334;0.0;0.0;0.0;0.0;0.0;0.0;0.0
(43.375762, -5.831318, 197.4243416171521);(43.375836, -5.831714, 194.0268001630902);752.6891428322408;756.664631399587;8.333333333333334;8.333333333333334;0.0;0.0;0.0;0.0;0.0;0.0;0.0
(43.375836, -5.831714, 194.0268001630902);(43.37603, -5.831943, 191.564640388824);756.664631399587;760.0777247702828;8.333333333333334;8.333333333333334;0.0;0.0;0.0;0.0;0.0;0.0;0.0
(43.37603, -5.831943, 191.564640388824);(43.375932, -5.832318, 191.1496726525947);760.0777247702828;763.9515928492932;8.333333333333334;8.333333333333334;0.0;0.0;0.0;0.0;0.0;0.0;0.0
(43.375932, -5.832318, 191.1496726525947);(43.375693, -5.832142, 191.8962931875139);763.9515928492932;767.5685586649719;8.333333333333334;8.333333333333334;5.96065531345944;0.19868851044864583;0.006586156179686665;0.024698085673824994;0.0021405007583981664;0.00016465390449216664;145.02146116799932
(43.375693, -5.832142, 191.8962931875139);(43.375447, -5.832115, 194.6180672887713);767.5685586649719;770.8587268440834;8.333333333333334;0.3333333333333339;18.04295217301541;0.6014317391005174;0.01993634838870221;0.07476130645763329;0.006479313226328219;0.0004984087097175553;482.58317046094334
(43.375447, -5.832115, 194.6180672887713);(43.37517, -5.832088, 197.3994903685525);770.8587268440834;782.6745427096056;0.3333333333333339;0.8888888888888893;5.196517995823597;0.5528210633854876;0.0057418316126692836;0.021531868547509814;0.001866095274117517;0.00014354579031673208;123.51644811902227
(43.37517, -5.832088, 197.3994903685525);(43.374902, -5.83192, 200.0340875275433);782.6745427096056;792.3355600702309;0.8888888888888893;0.8888888888888893;6.06357280018501;0.49701416394959164;0.006699873649587143;0.025124526185951783;0.0021774589361158213;0.00016749684123967858;135.81565417474724
(43.374902, -5.83192, 200.0340875275433);(43.374649, -5.831888, 200.7142838640139);792.3355600702309;798.7671870164893;0.8888888888888893;3.8888888888888893;3.0334672697320215;0.19199159935012663;0.003351794081987851;0.01256922780745444;0.0010893330766460515;8.379485204969628e-05;78.80709290503908
(43.374649, -5.831888, 200.7142838640139);(43.374512, -5.831606, 199.8265958735719);798.7671870164893;802.7531596801962;3.8888888888888893;9.88888888888889;0.0;0.0;0.0;0.0;0.0;0.0;0.0
(43.374512, -5.831606, 199.8265958735719);(43.374296, -5.831376, 198.5924009410664);802.7531596801962;806.0882650426239;9.88888888888889;8.333333333333334;0.0;0.0;0.0;0.0;0.0;0.0;0.0
(43.374296, -5.831376, 198.5924009410664);(43.374072, -5.831206, 197.6640308853239);806.0882650426239;809.5017412688427;8.333333333333334;8.333333333333334;0.0;0.0;0.0;0.0;0.0;0.0;0.0
(43.374072, -5.831206, 197.6640308853239);(43.373731, -5.831386, 194.8707477869466);809.5017412688427;814.37334671213;8.333333333333334;6.333333333333334;0.0;0.0;0.0;0.0;0.0;0.0;0.0
(43.373731, -5.831386, 194.8707477869466);(43.373505, -5.83143, 193.1155343381688);814.37334671213;817.1568234019697;6.333333333333334;11.88888888888889;0.0;0.0;0.0;0.0;0.0;0.0;0.0
(43.373505, -5.83143, 193.1155343381688);(43.373286, -5.831571, 193.3205420728773);817.1568234019697;819.2424044024407;11.88888888888889;13.88888888888889;5.061210938000639;0.10907782193966754;0.005592325666062436;0.020971221247734127;0.0018175058414702913;0.00013980814165156084;138.07445016793773
(43.373286, -5.831571, 193.3205420728773);(43.373025, -5.831681, 193.1859009461477);819.2424044024407;821.4266402457097;13.88888888888889;13.88888888888889;2.2946230820025932;0.045892461640051355;0.002535416862212742;0.009507813233297784;0.0008240104802191412;6.338542155531856e-05;55.46841432123451
(43.373025, -5.831681, 193.1859009461477);(43.372751, -5.831785, 191.9783073095605);821.4266402457097;823.7008871497396;13.88888888888889;8.88888888888889;0.0;0.0;0.0;0.0;0.0;0.0;0.0
(43.372751, -5.831785, 191.9783073095605);(43.372456, -5.831932, 191.5818977896124);823.7008871497396;829.4073341120958;8.88888888888889;3.333333333333334;0.17315016763016058;0.007870462165007298;0.00019132024694937496;0.0007174509260601561;6.217908025854687e-05;4.783006173734373e-06;3.641148380539782
(43.372456, -5.831932, 191.5818977896124);(43.372237, -5.832093, 191.2335900804028);829.4073341120958;834.1403064537864;3.333333333333334;8.333333333333334;0.0;0.0;0.0;0.0;0.0;0.0;0.0
(43.372237, -5.832093, 191.2335900804028);(43.371926, -5.83225, 190.0066037187353);834.1403064537864;838.5587808876306;8.333333333333334;8.333333333333334;0.0;0.0;0.0;0.0;0.0;0.0;0.0
(43.371926, -5.83225, 190.0066037187353);(43.371674, -5.832278, 188.7828553766012);838.5587808876306;841.9294628634846;8.333333333333334;8.333333333333334;0.0;0.0;0.0;0.0;0.0;0.0;0.0
(43.371674, -5.832278, 188.7828553766012);(43.371413, -5.832452, 188.7756261769682);841.9294628634846;845.7988023473811;8.333333333333334;8.333333333333334;1.8373177358722814;0.06124392452907582;0.0020301226834638173;0.007612960062989315;0.0006597898721257407;5.0753067086595434e-05;41.78593308487392
(43.371413, -5.832452, 188.7756261769682);(43.371111, -5.832566, 189.2309454549104);845.7988023473811;849.9749369601075;8.333333333333334;8.333333333333334;4.023988969750828;0.1341329656583604;0.004446259417193817;0.01667347281447681;0.0014450343105879904;0.00011115648542984541;84.79396910697022
(43.371111, -5.832566, 189.2309454549104);(43.370906, -5.832703, 188.6251385547221);849.9749369601075;853.0154975095713;8.333333333333334;8.333333333333334;0.0;0.0;0.0;0.0;0.0;0.0;0.0
(43.370906, -5.832703, 188.6251385547221);(43.370722, -5.832906, 188.1653859419748);853.0154975095713;856.1644180056115;8.333333333333334;8.333333333333334;0.0;0.0;0.0;0.0;0.0;0.0;0.0
(43.370722, -5.832906, 188.1653859419748);(43.370494, -5.832919, 187.4563216241077);856.1644180056115;859.2067413629427;8.333333333333334;8.333333333333334;0.0;0.0;0.0;0.0;0.0;0.0;0.0
(43.370494, -5.832919, 187.4563216241077);(43.370195674344494, -5.832994361796707, 185.7257969388738);859.2067413629427;867.2952422772712;8.333333333333334;0;0.0;0.0;0.0;0.0;0.0;0.0;0.0
(43.370195674344494, -5.832994361796707, 185.7257969388738);(43.369882, -5.833277, 186.3084280453622);867.2952422772712;877.3042342642094;0;8.333333333333334;1.9702383947263844;0.13134922631509235;0.0021769918065186597;0.008163719274444974;0.0007075223371185642;5.4424795162966484e-05;34.64504296979855
(43.369882, -5.833277, 186.3084280453622);(43.369755, -5.833542, 186.0880654817447);877.3042342642094;880.3880272124937;8.333333333333334;8.333333333333334;0.45768121708199905;0.015256040569400145;0.0005057094929486287;0.0018964105985573572;0.0001643555852083043;1.2642737323715716e-05;13.060522473022704
(43.369755, -5.833542, 186.0880654817447);(43.369715, -5.833893, 186.198224647902);880.3880272124937;883.8432687826028;8.333333333333334;8.333333333333334;2.4959243464863765;0.08319747821621129;0.002757842333463342;0.010341908750487534;0.0008962987583755861;6.894605833658354e-05;63.5675792948588
(43.369715, -5.833893, 186.198224647902);(43.369713, -5.834315, 187.3293309854344);883.8432687826028;887.9477462554865;8.333333333333334;8.333333333333334;7.296412301115582;0.24321374337052257;0.008062085196911662;0.03023281948841873;0.0026201776889962897;0.00020155212992279154;156.43508503581924
(43.369713, -5.834315, 187.3293309854344);(43.369705, -5.834697, 187.6917606573552);887.9477462554865;891.6646261982019;8.333333333333334;8.333333333333334;3.789007670643203;0.1263002556881061;0.004186619586698354;0.015699823450118826;0.0013606513656769649;0.00010466548966745884;89.70767960103011
(43.369705, -5.834697, 187.6917606573552);(43.369672, -5.835176, 188.0612430749461);891.6646261982019;896.3441312570991;8.333333333333334;8.333333333333334;3.42250511024319;0.11408350367477209;0.0037816568810711795;0.014181213304016923;0.0012290384863481334;9.454142202677949e-05;64.36160361206535
(43.369672, -5.835176, 188.0612430749461);(43.36956, -5.835565, 188.3011011490598);896.3441312570991;900.4115622947799;8.333333333333334;8.333333333333334;3.0274668392042385;0.10091556130680682;0.003345163976651597;0.012544364912443488;0.001087178292411769;8.36290994162899e-05;65.50008577450407
(43.36956, -5.835565, 188.3011011490598);(43.369665, -5.835925, 188.0262837782502);900.4115622947799;904.1824085334434;8.333333333333334;8.333333333333334;0.4255595507313667;0.014185318357712109;0.0004702170344500903;0.0017633138791878385;0.00015282053619627934;1.1755425861252256e-05;9.93125630007982
(43.369665, -5.835925, 188.0262837782502);(43.369913, -5.836188, 187.4839030914009);904.1824085334434;908.3627120647393;8.333333333333334;8.333333333333334;0.0;0.0;0.0;0.0;0.0;0.0;0.0
(43.369913, -5.836188, 187.4839030914009);(43.37011, -5.836339, 187.688880992122);908.3627120647393;911.3718402878746;8.333333333333334;6.333333333333334;3.20585034101796;0.10686167803393297;0.0035422667348284863;0.013283500255606824;0.001151236688819258;8.855666837071217e-05;93.7530105365981
(43.37011, -5.836339, 187.688880992122);(43.37038461356039, -5.836430386215015, 188.223128519021);911.3718402878746;921.2862914798719;6.333333333333334;0;1.7701193664396202;0.15527362863505417;0.001955872633288222;0.0073345223748308335;0.0006356586058186722;4.889681583220556e-05;41.345947613058335
(43.37038461356039, -5.836430386215015, 188.223128519021);(43.370579, -5.836316, 189.187791062519);921.2862914798719;928.7080252251114;0;6.333333333333334;3.184348455797411;0.27932881191205533;0.003518508478936645;0.01319440679601242;0.0011435152556544096;8.796271197341613e-05;99.36061960196703
(43.370579, -5.836316, 189.187791062519);(43.37074, -5.836589, 188.2010134141892);928.7080252251114;932.587866770764;6.333333333333334;8.333333333333334;0.0;0.0;0.0;0.0;0.0;0.0;0.0
(43.37074, -5.836589, 188.2010134141892);(43.370755, -5.836985, 188.1456040246412);932.587866770764;936.4445033908077;8.333333333333334;8.333333333333334;1.5745902825426916;0.0524863427514228;0.0017398250652786533;0.0065243439947949506;0.0005654431462155623;4.349562663196633e-05;35.9287012272852
(43.370755, -5.836985, 188.1456040246412);(43.370804, -5.837418, 188.2429276350886);936.4445033908077;940.7061740845252;8.333333333333334;8.333333333333334;2.3079902701169095;0.07693300900389721;0.002550186779943993;0.009563200424789971;0.0008288107034817976;6.375466949859982e-05;47.658103679784496
(43.370804, -5.837418, 188.2429276350886);(43.370735, -5.837866, 189.6536457147449);940.7061740845252;945.1594151923388;8.333333333333334;8.333333333333334;8.096437501488593;0.26988125004961644;0.00894606365905221;0.033547738721445786;0.002907470689191968;0.00022365159147630525;159.99279690490332
(43.370735, -5.837866, 189.6536457147449);(43.370644, -5.838341, 190.3229339802638);945.1594151923388;949.9358582666595;8.333333333333334;8.333333333333334;4.6195841220684635;0.15398613740228204;0.0051043552953719444;0.01914133235764479;0.0016589154709958818;0.0001276088823842986;85.11006965153463
(43.370644, -5.838341, 190.3229339802638);(43.370597, -5.838711, 190.5272214803845);949.9358582666595;953.5885875893991;8.333333333333334;8.333333333333334;2.9586515293824887;0.09862171764608302;0.0032691273071571935;0.012259227401839476;0.001062466374826088;8.172818267892985e-05;71.27857324790196
(43.370597, -5.838711, 190.5272214803845);(43.370564, -5.839176, 190.6460798233747);953.5885875893991;958.1324831766185;8.333333333333334;8.333333333333334;2.370824002838581;0.07902746676128679;0.002619614175975963;0.00982355315990986;0.0008513746071921879;6.549035439939907e-05;45.91490016553607
(43.370564, -5.839176, 190.6460798233747);(43.370527, -5.839679, 191.1775635369122);958.1324831766185;963.0494233436335;8.333333333333334;8.333333333333334;3.986165812541141;0.13287219375137083;0.004404467163239904;0.016516751862149643;0.001431451828052969;0.00011011167908099761;71.34164329613407
(43.370527, -5.839679, 191.1775635369122);(43.370492, -5.839984, 191.6319938581437);963.0494233436335;966.0523039406567;8.333333333333334;7.333333333333334;4.837736926443407;0.1612578975481158;0.005345400677983764;0.020045252542439114;0.0017372552203447232;0.0001336350169495941;141.77082164008058
(43.370492, -5.839984, 191.6319938581437);(43.37048878247034, -5.840351266600083, 191.4583998527378);966.0523039406567;974.1710843180712;7.333333333333334;0;0.39340699167584114;0.029803559975442623;0.00043469044141960226;0.0016300891553235083;0.00014127439346137073;1.0867261035490057e-05;9.691283010198294
(43.37048878247034, -5.840351266600083, 191.4583998527378);(43.370412, -5.840815, 192.3128602476791);974.1710843180712;983.4209765672009;0;8.333333333333334;2.64349577019121;0.1762330513460807;0.0029208996473100413;0.010953373677412653;0.0009492923853757633;7.302249118275103e-05;50.29845137897965
(43.370412, -5.840815, 192.3128602476791);(43.370326, -5.841228, 193.4012771965936);983.4209765672009;987.5982207556543;8.333333333333334;8.333333333333334;6.985106875355402;0.23283689584518294;0.007718111917830969;0.02894291969186613;0.002508386373295065;0.0001929527979457742;147.15189663328397
(43.370326, -5.841228, 193.4012771965936);(43.370216, -5.841603, 194.8216352015734);987.5982207556543;991.5292499458108;8.333333333333334;8.333333333333334;8.963293555515637;0.2987764518505206;0.009903886089119131;0.037139572834196735;0.0032187629789637174;0.0002475971522279782;200.6522451831463
(43.370216, -5.841603, 194.8216352015734);(43.370135, -5.841974, 193.4645069055259);991.5292499458108;995.2957136477211;8.333333333333334;0.3333333333333339;0.0;0.0;0.0;0.0;0.0;0.0;0.0
(43.370135, -5.841974, 193.4645069055259);(43.37008225320871, -5.842165110418014, 194.9109627865255);995.2957136477211;1094.6614435185757;0.3333333333333339;0;0.32185952010870356;0.5364325335145056;0.00035563490184850594;0.001333630881931897;0.00011558134310076442;8.890872546212647e-06;14.25221643638006
(43.37008225320871, -5.842165110418014, 194.9109627865255);(43.369912, -5.842561, 196.7718031192198);1094.6614435185757;1104.8197481915438;0;7.333333333333334;4.327671156916018;0.32785387552393874;0.004781809488197328;0.01793178558073998;0.0015540880836641315;0.00011954523720493318;85.20459459012258
(43.369912, -5.842561, 196.7718031192198);(43.369719, -5.842929, 198.6282907947898);1104.8197481915438;1109.509202582459;7.333333333333334;8.333333333333334;9.485366501509839;0.3363605142379451;0.010480744467717662;0.039302791753941226;0.00340624195200824;0.0002620186116929415;189.3592907755886
(43.369719, -5.842929, 198.6282907947898);(43.369572, -5.843169, 199.3674907907844);1109.509202582459;1112.5570815824758;8.333333333333334;8.333333333333334;6.614355045727663;0.22047850152426235;0.007308454032007729;0.027406702620028978;0.0023752475604025118;0.00018271135080019318;190.97321252610286
(43.369572, -5.843169, 199.3674907907844);(43.369358, -5.843453, 199.3086463715881);1112.5570815824758;1116.528185560742;8.333333333333334;8.333333333333334;1.541469250691936;0.05138230835639829;0.0017032283695917073;0.006387106385968902;0.0005535492201173048;4.258070923979268e-05;34.159088959467525
(43.369358, -5.843453, 199.3086463715881);(43.369138, -5.843684, 198.7424810566008);1116.528185560742;1120.2228472392346;8.333333333333334;8.333333333333334;0.0;0.0;0.0;0.0;0.0;0.0;0.0
(43.369138, -5.843684, 198.7424810566008);(43.368952, -5.843863, 200.5381246488541);1120.2228472392346;1123.2527280164811;8.333333333333334;5.333333333333334;13.462164010903864;0.44873880036344616;0.01487486023427032;0.055780725878513696;0.0048343295761378545;0.000371871505856758;390.99572559290885
(43.368952, -5.843863, 200.5381246488541);(43.3688244768568, -5.844015937001597, 200.6037318166345);1123.2527280164811;1130.312116561218;5.333333333333334;0;0.7697957073321267;0.08018705284709579;0.0008505767383484611;0.003189662768806729;0.00027643743996324984;2.1264418458711525e-05;29.987557445631484
(43.3688244768568, -5.844015937001597, 200.6037318166345);(43.368452, -5.844301, 199.7338861636817);1130.312116561218;1141.6869958860884;0;4.333333333333334;0.0;0.0;0.0;0.0;0.0;0.0;0.0
(43.368452, -5.844301, 199.7338861636817);(43.368196, -5.84457, 200.6601441260427);1141.6869958860884;1146.7265852337935;4.333333333333334;8.88888888888889;5.1854200704571225;0.20255547150223294;0.0057295690901964505;0.021485884088236686;0.001862109954313846;0.00014323922725491126;106.10913069919319
(43.368196, -5.84457, 200.6601441260427);(43.367931, -5.844845, 201.2451272085309);1146.7265852337935;1150.1178615793617;8.88888888888889;12.88888888888889;5.857365033248511;0.1494225773787847;0.0064720267959968115;0.024270100484988042;0.002103408708698964;0.0001618006698999203;116.32068993595728
(43.367931, -5.844845, 201.2451272085309);(43.367666, -5.845072, 201.6842633336782);1150.1178615793617;1152.7108906814665;12.88888888888889;13.88888888888889;6.5303983576280205;0.13548544310431992;0.007215687074169233;0.02705882652813462;0.0023450982991050006;0.0001803921768542308;137.9396665872643
(43.367666, -5.845072, 201.6842633336782);(43.367469, -5.845255, 201.1927936282009);1152.7108906814665;1154.614520840035;13.88888888888889;13.88888888888889;0.0;0.0;0.0;0.0;0.0;0.0;0.0
(43.367469, -5.845255, 201.1927936282009);(43.367268, -5.845456, 201.2720259251073);1154.614520840035;1156.60476846834;13.88888888888889;13.88888888888889;4.158680742074759;0.0831736148414959;0.004595085511304826;0.017231570667393097;0.0014934027911740688;0.00011487713778262067;110.32714726487285
(43.367268, -5.845456, 201.2720259251073);(43.367003, -5.845692, 201.928569143638);1156.60476846834;1159.1326835874017;13.88888888888889;3.8888888888888893;8.494421322656557;0.16988842645312835;0.00938581121454027;0.03519679205452601;0.003050388644725588;0.00023464528036350676;177.42108603816862
(43.367003, -5.845692, 201.928569143638);(43.366814, -5.845869, 203.0119795249775);1159.1326835874017;1171.1789414447423;3.8888888888888893;0.3333333333333339;2.283289142613764;0.30043278192286316;0.002522893558813973;0.009460850845552399;0.0008199404066145413;6.307233897034933e-05;65.84140516243747
(43.366814, -5.845869, 203.0119795249775);(43.366566, -5.846085, 203.4450326515362);1171.1789414447423;1178.7123340326627;0.3333333333333339;8.333333333333334;1.991354777597069;0.12765094728186474;0.002200324106110342;0.008251215397913781;0.000715105334485861;5.5008102652758546e-05;44.73396240685661
(43.366566, -5.846085, 203.4450326515362);(43.366283, -5.846278, 205.803621689789);1178.7123340326627;1182.9264948165599;8.333333333333334;2.333333333333334;12.815393579911545;0.4271797859970422;0.014160218832124488;0.05310082062046683;0.004602071120440458;0.00035400547080311216;267.61072793935546
(43.366283, -5.846278, 205.803621689789);(43.36603161023792, -5.846328445655765, 207.8322619842365);1182.9264948165599;1207.12114438012;2.333333333333334;0;1.9007936814927213;0.45256992416493297;0.002100259685106155;0.00787597381914808;0.0006825843976595005;5.250649212765388e-05;49.382182480332276
(43.36603161023792, -5.846328445655765, 207.8322619842365);(43.365719, -5.846301, 210.2822399493307);1207.12114438012;1218.1112907033466;0;6.333333333333334;4.9997617414340265;0.4385755913538648;0.005524428097016609;0.02071660536381228;0.001795439131530398;0.00013811070242541521;105.35251552813517
(43.365719, -5.846301, 210.2822399493307);(43.365489, -5.846262, 211.441519068554);1218.1112907033466;1221.6223491394828;6.333333333333334;8.333333333333334;8.055687655368855;0.30513968391548124;0.0089010375945125;0.03337889097942187;0.002892837218216562;0.00022252593986281247;229.4375841899617
(43.365489, -5.846262, 211.441519068554);(43.36522, -5.846315, 213.1325316820294);1221.6223491394828;1225.2455149134366;8.333333333333334;8.333333333333334;10.999224787162555;0.36664082623874655;0.01215346442532159;0.045575491594955955;0.003949875938229517;0.0003038366106330397;267.15084035860326
(43.36522, -5.846315, 213.1325316820294);(43.365036, -5.846571, 214.4792048847303);1225.2455149134366;1228.740940337666;8.333333333333334;8.333333333333334;9.405298998479097;0.3135099666159707;0.010392274819307152;0.03897103057240181;0.003377489316274824;0.0002598068704826788;236.7855729746108
(43.365036, -5.846571, 214.4792048847303);(43.364808, -5.846866, 212.6821167990565);1228.740940337666;1232.9210402241445;8.333333333333334;1.333333333333334;0.0;0.0;0.0;0.0;0.0;0.0;0.0
(43.364808, -5.846866, 212.6821167990565);(43.364654933802086, -5.847068425424542, 215.1030042562634);1232.9210402241445;1268.3672150563489;1.333333333333334;0;1.4784559871295924;0.6160233279706617;0.001633602603062945;0.006126009761486043;0.000530920845995457;4.0840065076573615e-05;45.88087695050753
(43.364654933802086, -5.847068425424542, 215.1030042562634);(43.364454, -5.847294, 216.0360453631729);1268.3672150563489;1276.2370364548965;0;7.333333333333334;3.0597281913093686;0.2317975902507079;0.0033808107792862776;0.01267804042232354;0.0010987635032680403;8.452026948215694e-05;77.75851665131856
(43.364454, -5.847294, 216.0360453631729);(43.364181, -5.847487, 217.332142945379);1276.2370364548965;1280.59369423417;7.333333333333334;8.333333333333334;7.542569745294656;0.2674670122444971;0.008334073977825575;0.03125277741684591;0.002708574042793312;0.00020835184944563936;162.0767450876571
(43.364181, -5.847487, 217.332142945379);(43.363926, -5.847476, 218.6007349602878);1280.59369423417;1283.995032425871;8.333333333333334;8.333333333333334;9.159349867677404;0.30531166225590733;0.010120516211816392;0.03795193579431147;0.0032891677688403273;0.0002530129052954098;236.97225707289212
(43.363926, -5.847476, 218.6007349602878);(43.363927, -5.847166, 218.204096859321);1283.995032425871;1287.0104224177273;8.333333333333334;8.333333333333334;0.0;0.0;0.0;0.0;0.0;0.0;0.0
(43.363927, -5.847166, 218.204096859321);(43.363731, -5.846848, 219.7358025657013);1287.0104224177273;1291.0596068115133;8.333333333333334;8.333333333333334;9.262816098783203;0.30876053662610087;0.01023484001038391;0.03838065003893965;0.0033263230033747705;0.00025587100025959775;201.3066675708419
(43.363731, -5.846848, 219.7358025657013);(43.363459, -5.846926, 221.3649143073708);1291.0596068115133;1294.7644248051377;8.333333333333334;8.333333333333334;10.465517050311595;0.34885056834371936;0.011563750321023306;0.0433640637038374;0.0037582188543325745;0.0002890937580255827;248.5858959906559
(43.363459, -5.846926, 221.3649143073708);(43.363257, -5.847062, 222.6561918305233);1294.7644248051377;1297.7648551190873;8.333333333333334;8.333333333333334;10.282074371608461;0.3427358123869478;0.011361057484678486;0.04260396556754432;0.0036923436825205074;0.00028402643711696214;301.5642591313726
(43.363257, -5.847062, 222.6561918305233);(43.362911, -5.847185, 224.7454068437219);1297.7648551190873;1302.5303530461542;8.333333333333334;8.333333333333334;10.439077838941799;0.34796926129806527;0.011534536624509767;0.04325451234191162;0.0037487244029656736;0.0002883634156127441;192.7687020089208
(43.362911, -5.847185, 224.7454068437219);(43.362821, -5.847587, 225.5892891408876);1302.5303530461542;1306.6206134224988;8.333333333333334;8.333333333333334;5.882984077574735;0.19609946925249622;0.006500334258554801;0.0243762534695805;0.0021126086340303102;0.00016250835646387;126.56959488952174
(43.362821, -5.847587, 225.5892891408876);(43.362663, -5.847977, 225.4092950336635);1306.6206134224988;1310.9597931597475;8.333333333333334;8.333333333333334;0.9967738825614667;0.033225796085382314;0.0011013736109784106;0.00413015104116904;0.0003579464235679834;2.7534340274460265e-05;20.214903962707417
(43.362663, -5.847977, 225.4092950336635);(43.362514, -5.848228, 225.9302707761526);1310.9597931597475;1314.1073438971723;8.333333333333334;8.333333333333334;5.078785135863435;0.16929283786211036;0.005611744069873795;0.02104404026202673;0.0018238168227089832;0.00014029360174684486;141.99392773621594
(43.362514, -5.848228, 225.9302707761526);(43.362306, -5.848538, 226.6264486452565);1314.1073438971723;1318.204008879644;8.333333333333334;8.333333333333334;5.165607415767982;0.17218691385892929;0.005707677329768328;0.021403789986631228;0.0018549951321747062;0.0001426919332442082;110.96183225441554
(43.362306, -5.848538, 226.6264486452565);(43.362414, -5.848838, 226.4438818069175);1318.204008879644;1321.4580632862771;8.333333333333334;8.333333333333334;0.707334193973583;0.02357780646578664;0.0007815606217362427;0.00293085233151091;0.0002540072020642789;1.9539015543406067e-05;19.128570482041212
(43.362414, -5.848838, 226.4438818069175);(43.362604, -5.84909, 226.6774514988065);1321.4580632862771;1324.9829908752847;8.333333333333334;8.333333333333334;3.1211711377322833;0.10403903792441041;0.003448701442309128;0.012932630408659228;0.0011208279687504666;8.62175360577282e-05;77.92019926224171
(43.362604, -5.84909, 226.6774514988065);(43.362827, -5.849403, 226.6688586762175);1324.9829908752847;1329.238400785272;8.333333333333334;5.333333333333334;1.7738618874273255;0.05912872958091087;0.0019600078879598226;0.007350029579849334;0.0006370025635869423;4.900019719899555e-05;36.68268143269677
(43.362827, -5.849403, 226.6688586762175);(43.36290539527411, -5.849612070966416, 226.5823750728741);1329.238400785272;1336.3837597140882;5.333333333333334;0;0.3414787532781011;0.03557070346646844;0.0003773129434369142;0.0014149235378884282;0.0001226267066169971;9.432823585922854e-06;13.14232890005909
(43.36290539527411, -5.849612070966416, 226.5823750728741);(43.3632, -5.849952, 226.5599283091724);1336.3837597140882;1346.6520917256075;0;8.333333333333334;0.778937647778559;0.05192917651857031;0.0008606780182244575;0.003227542568341715;0.0002797203559229487;2.1516950455611434e-05;13.351051159548678
(43.3632, -5.849952, 226.5599283091724);(43.363302, -5.850259, 226.9375431565568);1346.6520917256075;1349.9333552856879;8.333333333333334;8.333333333333334;4.081925221533527;0.13606417405111487;0.00451027539910186;0.016913532746631973;0.0014658395047081046;0.00011275688497754649;109.47289448646087
(43.363302, -5.850259, 226.9375431565568);(43.363163, -5.850598, 229.0576404780149);1349.9333552856879;1353.715883800781;8.333333333333334;8.333333333333334;12.81626162701363;0.42720872090046397;0.014161177970589134;0.053104417389709245;0.004602382840441468;0.0003540294492647283;298.16854484425176
(43.363163, -5.850598, 229.0576404780149);(43.362976, -5.850975, 231.3851359821856);1353.715883800781;1358.150205547674;8.333333333333334;8.333333333333334;12.122676310339005;0.40408921034464185;0.013394809009572113;0.05023053378589541;0.004353312928110936;0.00033487022523930277;240.5769306337201
(43.362976, -5.850975, 231.3851359821856);(43.362845, -5.851249, 232.4545096494257);1358.150205547674;1361.3366921199342;8.333333333333334;8.333333333333334;8.420126713493776;0.2806708904497874;0.009303720257502384;0.03488895096563393;0.003023709083688274;0.00023259300643755954;232.53546939061698
(43.362845, -5.851249, 232.4545096494257);(43.362716, -5.851638, 233.7791410256177);1361.3366921199342;1365.4930621967;8.333333333333334;8.333333333333334;8.088189023907853;0.26960630079693454;0.008936949600490776;0.03351356100184041;0.002904508620159502;0.0002234237400122694;171.24573148157828
(43.362716, -5.851638, 233.7791410256177);(43.362611, -5.851929, 235.4049780871719);1365.4930621967;1368.6508994510664;8.333333333333334;7.333333333333334;11.926444253293205;0.39754814177644476;0.013177984699626442;0.04941744262359916;0.004282845027378594;0.0003294496174906611;332.35629633498127
(43.362611, -5.851929, 235.4049780871719);(43.36236424073428, -5.852472723118162, 237.0555538479239);1368.6508994510664;1382.8067625454887;7.333333333333334;0;3.094297734780607;0.2344164950591376;0.0034190079908995594;0.012821279965873348;0.0011111775970423568;8.547519977248897e-05;43.71754253542939
(43.36236424073428, -5.852472723118162, 237.0555538479239);(43.362236, -5.85271, 239.152516502887);1382.8067625454887;1393.8541064733738;0;4.333333333333334;4.142315164436876;0.5310660467226771;0.0045770025582358076;0.01716375959338428;0.0014875258314266376;0.0001144250639558952;126.90963298508164
(43.362236, -5.85271, 239.152516502887);(43.362115, -5.852991, 239.936214780435);1393.8541064733738;1398.0302727970234;4.333333333333334;8.333333333333334;5.000960092109403;0.21934035491707737;0.005525752200540638;0.02072157075202739;0.001795869465175707;0.00013814380501351594;138.65792023221977
(43.362115, -5.852991, 239.936214780435);(43.361973, -5.85332, 242.1034853542224);1398.0302727970234;1401.7485682435067;8.333333333333334;8.333333333333334;13.24753415096722;0.44158447169890364;0.014637707487797113;0.05489140307923917;0.0047572549335340615;0.0003659426871949278;313.5261901761106
(43.361973, -5.85332, 242.1034853542224);(43.361885, -5.853651, 242.1293680854142);1401.7485682435067;1405.175390101249;8.333333333333334;8.333333333333334;1.9569452877972682;0.06523150959324044;0.002162303743924142;0.008108639039715532;0.0007027487167753462;5.4057593598103554e-05;50.25390652772892
(43.361885, -5.853651, 242.1293680854142);(43.361628, -5.853949, 242.8553336039186);1405.175390101249;1409.6634126089514;8.333333333333334;8.333333333333334;4.99753010421906;0.16658433680729964;0.0055219622756494564;0.020707358533685456;0.0017946377395860733;0.00013804905689123638;97.99029492755561
(43.361628, -5.853949, 242.8553336039186);(43.36152, -5.854287, 244.6584088765085);1409.6634126089514;1413.2527143329871;8.333333333333334;8.333333333333334;11.67932060095037;0.38931068669833696;0.012904928318334053;0.0483934811937527;0.004194101703458567;0.0003226232079583513;286.3454487543028
(43.36152, -5.854287, 244.6584088765085);(43.3614, -5.854682, 245.1486098999158);1413.2527143329871;1417.4147827080783;8.333333333333334;8.333333333333334;4.130191445278304;0.137673048175942;0.004563606596943313;0.01711352473853742;0.0014831721440065765;0.00011409016492358281;87.3260154397453
(43.3614, -5.854682, 245.1486098999158);(43.361335, -5.855131, 244.9420181559399);1417.4147827080783;1421.8675150289796;8.333333333333334;8.333333333333334;0.8914406219901969;0.029714687399673874;0.0009849868601002794;0.0036937007253760477;0.0003201207295325909;2.4624671502506987e-05;17.617671371554657
(43.361335, -5.855131, 244.9420181559399);(43.361301, -5.855495, 244.640794692561);1421.8675150289796;1425.4371804504835;8.333333333333334;8.333333333333334;0.14172916164352578;0.004724305388117405;0.0001566019749024143;0.0005872574058840536;5.089564184328464e-05;3.915049372560358e-06;3.4939314338807925
(43.361301, -5.855495, 244.640794692561);(43.361262, -5.855842, 243.9194572400302);1425.4371804504835;1428.8523969759415;8.333333333333334;8.333333333333334;0.0;0.0;0.0;0.0;0.0;0.0;0.0
(43.361262, -5.855842, 243.9194572400302);(43.361226, -5.856194, 243.1067018918693);1428.8523969759415;1432.3099150083992;8.333333333333334;8.333333333333334;0.0;0.0;0.0;0.0;0.0;0.0;0.0
(43.361226, -5.856194, 243.1067018918693);(43.36119, -5.856503, 242.4301307247952);1432.3099150083992;1435.3537600764234;8.333333333333334;8.333333333333334;0.0;0.0;0.0;0.0;0.0;0.0;0.0
(43.36119, -5.856503, 242.4301307247952);(43.361303, -5.856905, 242.2513870168477);1435.3537600764234;1439.5443349422028;8.333333333333334;8.333333333333334;0.9640527043903154;0.03213509014634329;0.0010652187289251016;0.0039945702334691306;0.000346196086900658;2.663046822312754e-05;20.24463008145508
(43.361303, -5.856905, 242.2513870168477);(43.361297, -5.857224, 242.3532238816842);1439.5443349422028;1442.6484029127823;8.333333333333334;8.333333333333334;2.4525688530419374;0.08175229510139811;0.002709937189472264;0.01016226446052099;0.0008807295865784859;6.77484297368066e-05;69.53006864324426
(43.361297, -5.857224, 242.3532238816842);(43.361069, -5.85749, 242.8611417878419);1442.6484029127823;1446.6402472810173;8.333333333333334;8.333333333333334;4.314682339467585;0.14382274464891864;0.004767457646695667;0.01787796617510875;0.0015494237351760915;0.00011918644116739166;95.11694616517043
(43.361069, -5.85749, 242.8611417878419);(43.360968, -5.857871, 242.868025447242);1446.6402472810173;1450.5834320777;8.333333333333334;4.333333333333334;1.839278998307229;0.061309299943575764;0.0020322897573888518;0.007621086590208194;0.0006604941711513769;5.0807243934721296e-05;41.04716370057088
(43.360968, -5.857871, 242.868025447242);(43.36096519767595, -5.858086095875224, 243.0099597806111);1450.5834320777;1458.632148397149;4.333333333333334;0;0.8170707012921847;0.1047526540118199;0.0009028126884648217;0.003385547581743081;0.00029341412375106704;2.257031721162054e-05;34.35914444182329
(43.36096519767595, -5.858086095875224, 243.0099597806111);(43.36088, -5.858778, 243.1325131170452);1458.632148397149;1472.2834172390103;0;8.333333333333334;0.9991855295094209;0.06661236863396097;0.0011040383319888044;0.004140143744958017;0.00035881245789636147;2.7600958299720112e-05;12.882073837297538
(43.36088, -5.858778, 243.1325131170452);(43.360825, -5.859161, 243.4581402922049);1472.2834172390103;1476.080507296121;8.333333333333334;4.333333333333334;3.4948333957183415;0.11649444652394485;0.0038615751718122414;0.014480906894295905;0.0012550119308389785;9.653937929530604e-05;80.99500780796352
(43.360825, -5.859161, 243.4581402922049);(43.360765, -5.85962, 244.3066737186164);1476.080507296121;1481.3961299931254;4.333333333333334;5.888888888888889;4.685950184381079;0.18304492907738923;0.005177685697556872;0.019416321365838266;0.0016827478517059834;0.0001294421424389218;90.90912585587073
(43.360765, -5.85962, 244.3066737186164);(43.360706, -5.859981, 245.251243961975);1481.3961299931254;1485.1975078204414;5.888888888888889;9.88888888888889;6.6445942751901885;0.23396458715458254;0.007341866513944716;0.027531999427292682;0.0023861066170320325;0.00018354666284861785;162.48490367089246
(43.360706, -5.859981, 245.251243961975);(43.360649, -5.860414, 244.5312581239268);1485.1975078204414;1488.1975116910257;9.88888888888889;13.88888888888889;0.0;0.0;0.0;0.0;0.0;0.0;0.0
(43.360649, -5.860414, 244.5312581239268);(43.360631, -5.860799, 245.4407700225711);1488.1975116910257;1490.449171296197;13.88888888888889;13.88888888888889;11.25918706615339;0.22518374132306368;0.012440706696552202;0.04665265011207076;0.004043229676379466;0.00031101766741380507;264.02084743519134
(43.360631, -5.860799, 245.4407700225711);(43.360559, -5.861169, 246.711752361618);1490.449171296197;1492.6841593710103;13.88888888888889;13.88888888888889;14.49575065371144;0.2899150130742341;0.016016909672928074;0.06006341127348028;0.005205495643701624;0.0004004227418232019;342.451775533473
(43.360559, -5.861169, 246.711752361618);(43.360509, -5.861534, 248.2078223275021);1492.6841593710103;1494.8517045101569;13.88888888888889;13.88888888888889;16.87720016138931;0.33754400322779793;0.018648264375856087;0.06993099140946032;0.0060606859221532285;0.00046620660939640214;411.11769827882216
(43.360509, -5.861534, 248.2078223275021);(43.360465, -5.861938, 249.9308119295165);1494.8517045101569;1497.2357786842406;13.88888888888889;13.88888888888889;17.512572675855065;0.3502514535170903;0.019350311783815164;0.07256366918930687;0.006288851329739929;0.0004837577945953791;387.850280556184
(43.360465, -5.861938, 249.9308119295165);(43.360408, -5.862371, 251.3657840900123);1497.2357786842406;1499.8037918379694;13.88888888888889;13.88888888888889;14.300536066916862;0.2860107213383413;0.015801209604803204;0.05925453601801201;0.005135393121561041;0.00039503024012008006;294.0282074633681
(43.360408, -5.862371, 251.3657840900123);(43.360347, -5.862671, 251.7077306862921);1499.8037918379694;1501.62146733393;13.88888888888889;13.88888888888889;7.006536431310131;0.14013072862620896;0.0077417902543488485;0.029031713453808183;0.0025160818326633756;0.0001935447563587212;203.52649545824048
(43.360347, -5.862671, 251.7077306862921);(43.360263, -5.863003, 252.0407258700579);1501.62146733393;1503.672389038383;13.88888888888889;13.88888888888889;6.498321812751404;0.1299664362550315;0.007180244472114207;0.026925916770428274;0.002333579453437117;0.00017950611180285518;167.2961922282614
(43.360263, -5.863003, 252.0407258700579);(43.360186, -5.863372, 253.0958670694381);1503.672389038383;1505.9124168305157;13.88888888888889;2.8888888888888893;12.57611170363785;0.2515222340727523;0.013895827129328242;0.0521093517349809;0.004516143817031679;0.00034739567823320605;296.43324082147996
(43.360186, -5.863372, 253.0958670694381);(43.360054990901645, -5.863683866142119, 255.21748754289);1505.9124168305157;1526.108015022398;2.8888888888888893;0;2.4035252732587162;0.4622163987035986;0.0026557470611932726;0.009959051479474772;0.0008631177948878136;6.639367652983182e-05;60.42164638965673
(43.360054990901645, -5.863683866142119, 255.21748754289);(43.359913, -5.864068, 256.1407227693126);1526.108015022398;1533.962105056138;0;3.8888888888888893;3.1941265345546324;0.1996329084096642;0.0035293126523782666;0.013234922446418499;0.0011470266120229367;8.823281630945667e-05;67.10272939799084
(43.359913, -5.864068, 256.1407227693126);(43.359845, -5.864514, 257.8316951692104);1533.962105056138;1539.743265982865;3.8888888888888893;3.8888888888888893;7.1482515703547875;0.31079354653716135;0.007898376735145103;0.02961891275679414;0.0025669724389221584;0.0001974594183786276;141.92563972139948
(43.359845, -5.864514, 257.8316951692104);(43.359729, -5.86479, 258.1635366864502);1539.743265982865;1543.7846356364064;3.8888888888888893;1.8888888888888893;3.0102843642746597;0.13088192888150713;0.0033261784025010125;0.012473169009378796;0.001081007980812829;8.315446006252532e-05;85.49781927134613
(43.359729, -5.86479, 258.1635366864502);(43.359598, -5.865143, 260.3066204730421);1543.7846356364064;1551.0994752760587;1.8888888888888893;0.8888888888888893;6.707747429403078;0.42454097654449213;0.007411646851007105;0.02779367569127664;0.002408785226577309;0.0001852911712751776;153.22115497951444
(43.359598, -5.865143, 260.3066204730421);(43.359477, -5.865541, 262.1100420411676);1551.0994752760587;1559.063233257713;0.8888888888888893;2.8888888888888893;5.3829492367858265;0.3406929896699921;0.005947826625831254;0.0223043498468672;0.0019330436533951574;0.00014869566564578135;112.94033480183064
(43.359477, -5.865541, 262.1100420411676);(43.359358, -5.865933, 263.216440172866);1559.063233257713;1564.9077450608415;2.8888888888888893;5.888888888888889;4.992830761149416;0.2355108849598823;0.005516769791640405;0.020687886718651512;0.0017929501822831313;0.0001379192447910101;106.38163754948033
(43.359358, -5.865933, 263.216440172866);(43.359233, -5.866344, 264.0570095293224);1564.9077450608415;1569.210562926844;5.888888888888889;7.888888888888889;5.676071538019612;0.1879493886761446;0.0062717086747253745;0.02351890753022015;0.0020383053192857465;0.00015679271686813435;115.31661379987868
(43.359233, -5.866344, 264.0570095293224);(43.359134, -5.866682, 265.2617317400873);1569.210562926844;1572.3552315655666;7.888888888888889;8.88888888888889;9.65093393274627;0.28553058972623013;0.010663686259022113;0.039988823471332924;0.0034656980341821863;0.00026659215647555285;239.70753153294245
(43.359134, -5.866682, 265.2617317400873);(43.359055, -5.867041, 266.3772727837786);1572.3552315655666;1575.2811328544212;8.88888888888889;11.88888888888889;9.841450314567147;0.2631403827424384;0.0108741951006637;0.04077823162748887;0.0035341134077157025;0.0002718548775165925;237.42790403977352
(43.359055, -5.867041, 266.3772727837786);(43.358918, -5.867503, 267.7990322643891);1575.2811328544212;1578.4176805911081;11.88888888888889;13.88888888888889;11.870867989584704;0.2558376721893325;0.013116576358862111;0.049187161345732915;0.004262887316630186;0.0003279144089715528;215.33593979132795
(43.358918, -5.867503, 267.7990322643891);(43.358815, -5.867846, 269.0085004521534);1578.4176805911081;1580.5825703185408;13.88888888888889;2.8888888888888893;14.28500915339266;0.2857001830678558;0.01578405332381041;0.05919019996428903;0.005129817330238383;0.00039460133309526026;348.4004167702387
(43.358815, -5.867846, 269.0085004521534);(43.358692, -5.86825, 271.6134283570573);1580.5825703185408;1601.1878512242229;2.8888888888888893;0.5555555555555554;2.8868206526527564;0.4656162342988325;0.003189758622375576;0.01196159483390841;0.0010366715522720624;7.974396555938941e-05;59.655913655122625
(43.358692, -5.86825, 271.6134283570573);(43.358563518820745, -5.8685384936047225, 275.562148462981);1601.1878512242229;1699.8235542625741;0.5555555555555554;0;0.8282164164506611;0.8282164164506616;0.0009151280157078292;0.0034317300589043597;0.0002974166051050445;2.287820039269573e-05;22.1673417644684
(43.358563518820745, -5.8685384936047225, 275.562148462981);(43.358404, -5.869024, 277.38280101493);1699.8235542625741;1709.5354208810038;0;1.8888888888888893;4.56817036680731;0.2855106479254586;0.005047546269496967;0.018928298510613627;0.0016404525375865143;0.0001261886567374242;77.61104431694572
(43.358404, -5.869024, 277.38280101493);(43.358301, -5.86938, 279.2574544213712);1709.5354208810038;1716.6090263055796;1.8888888888888893;0.8888888888888893;6.158287206814143;0.38976501308950245;0.006804527222344023;0.025516977083790082;0.0022114713472618074;0.00017011318055860054;145.46749115822945
(43.358301, -5.86938, 279.2574544213712);(43.35819, -5.869759, 281.5170174054801);1716.6090263055796;1725.1221118380372;0.8888888888888893;0.8888888888888893;6.029607411122445;0.43068624365160063;0.006662343991301962;0.024983789967382354;0.0021652617971731373;0.00016655859978254904;133.56046745979188
(43.35819, -5.869759, 281.5170174054801);(43.358091, -5.870037, 283.0281986324117);1725.1221118380372;1732.5219029286538;0.8888888888888893;0.8888888888888893;4.7269600861098535;0.38745574476309785;0.005222999107491752;0.01958624665309407;0.0016974747099348193;0.0001305749776872938;138.2313572975935
(43.358091, -5.870037, 283.0281986324117);(43.357952, -5.870516, 284.851989582181);1732.5219029286538;1741.0695936254635;0.8888888888888893;5.888888888888889;5.217443600808624;0.2964456591368523;0.005764953114473726;0.021618574179276474;0.001873609762203961;0.00014412382786184317;91.55882774436263
(43.357952, -5.870516, 284.851989582181);(43.357638, -5.870823, 286.6088291537017);1741.0695936254635;1746.1778769548005;5.888888888888889;2.8888888888888893;8.587209608290545;0.28434468901624915;0.009488336542493874;0.035581262034352024;0.0030837093763105092;0.00023720841356234687;146.95151592156054
(43.357638, -5.870823, 286.6088291537017);(43.35742470882092, -5.870697714835655, 289.5797064192593);1746.1778769548005;1764.0265513429486;2.8888888888888893;0;3.560888528835299;0.6847862555452536;0.003934562016429126;0.014754607561609224;0.0012787326553394662;9.836405041072815e-05;101.2868337068165
(43.35742470882092, -5.870697714835655, 289.5797064192593);(43.357216, -5.871023, 290.51973410137);1764.0265513429486;1772.454033146203;0;2.333333333333334;3.020898918586714;0.20139326123911336;0.003337906829796431;0.012517150611736617;0.0010848197196838402;8.344767074491079e-05;63.0886214985283
(43.357216, -5.871023, 290.51973410137);(43.357108, -5.871406, 292.1677432060242);1772.454033146203;1778.966611262975;2.333333333333334;1.8888888888888893;6.075114184900693;0.33016924917938706;0.006712626167266814;0.02517234812725055;0.0021816035043617146;0.00016781565418167032;133.8405163369664
(43.357108, -5.871406, 292.1677432060242);(43.356988, -5.871783, 293.3875760603696);1778.966611262975;1785.786901374725;1.8888888888888893;3.8888888888888893;4.565189602733428;0.25938577288258374;0.0050442527091931096;0.018915947659474158;0.0016393821304877603;0.00012610631772982773;100.40312496828967
(43.356988, -5.871783, 293.3875760603696);(43.356894, -5.872158, 293.4625620804727);1785.786901374725;1790.4529737836901;3.8888888888888893;6.888888888888889;1.7849453189013191;0.07197360156860237;0.001972254395576149;0.007395953983410559;0.0006409826785622484;4.930635988940372e-05;40.72168013853205
(43.356894, -5.872158, 293.4625620804727);(43.356781, -5.872517, 293.9544434165582);1790.4529737836901;1794.01872345275;6.888888888888889;8.88888888888889;4.66958316799907;0.14592447399996847;0.005159601154764404;0.019348504330366518;0.0016768703752984312;0.00012899002886911012;108.03916346193975
(43.356781, -5.872517, 293.9544434165582);(43.356655, -5.872905, 295.3746554898098);1794.01872345275;1797.3327085163933;8.88888888888889;2.8888888888888893;10.751884604240786;0.287483545567936;0.011880168791105561;0.044550632966645846;0.0038610548571093068;0.000297004219777639;229.01628876534087
(43.356655, -5.872905, 295.3746554898098);(43.35651, -5.873291, 297.9574065124616);1797.3327085163933;1819.1781260765677;2.8888888888888893;0.3333333333333339;2.68367646604569;0.4627028389733967;0.002965296835939374;0.011119863134772652;0.0009637214716802964;7.413242089848435e-05;55.91724175218816
(43.35651, -5.873291, 297.9574065124616);(43.356411, -5.873578, 298.0756639586762);1819.1781260765677;1825.1170435086653;0.3333333333333339;8.333333333333334;1.2494443469186842;0.08009258634094235;0.0013805588771508921;0.005177095789315845;0.00044868163507403994;3.45139719287723e-05;35.60319373987375
(43.356411, -5.873578, 298.0756639586762);(43.356151, -5.873534, 301.2208559606224);1825.1170435086653;1828.6096820385687;8.333333333333334;8.333333333333334;19.336321429478247;0.6445440476492637;0.021365441579485223;0.08012040592306957;0.006943768513332697;0.0005341360394871305;487.1950736456902
(43.356151, -5.873534, 301.2208559606224);(43.355914, -5.873396, 304.0165612027049);1828.6096820385687;1832.0427331262385;8.333333333333334;8.333333333333334;17.691036780276463;0.5897012260092098;0.019547503602898073;0.07330313851086775;0.006352938670941872;0.0004886875900724517;453.4774452543911
(43.355914, -5.873396, 304.0165612027049);(43.355661, -5.873228, 307.1184452353045);1832.0427331262385;1835.7908169493749;8.333333333333334;8.333333333333334;17.94439147087218;0.5981463823623956;0.019827444896827907;0.07435291836310465;0.006443919591469069;0.0004956861224206977;421.3103345472577
(43.355661, -5.873228, 307.1184452353045);(43.35539, -5.873043, 310.6999647244811);1835.7908169493749;1839.8272192802044;8.333333333333334;8.333333333333334;19.084272740645176;0.6361424246881853;0.02108694333688572;0.07907603751332146;0.00685325658448786;0.0005271735834221431;416.06754320540097
(43.35539, -5.873043, 310.6999647244811);(43.355092, -5.872873, 314.7629085453227);1839.8272192802044;1844.130618737569;8.333333333333334;8.333333333333334;20.11173184357542;0.6703910614525297;0.022279976833392435;0.08354991312522163;0.007240992470852541;0.0005569994208348109;411.263797323278
(43.355092, -5.872873, 314.7629085453227);(43.354882, -5.872735, 317.1305463509634);1844.130618737569;1847.2355729057392;8.333333333333334;1.333333333333334;16.69621017400752;0.5565403391335796;0.018448281612020653;0.06918105604507746;0.005995691523906712;0.00046120704030051633;473.2007030488595
(43.354882, -5.872735, 317.1305463509634);(43.354682, -5.872592, 319.167400139384);1847.2355729057392;1884.8291767505239;1.333333333333334;0;1.2041959765533523;0.5017483235638951;0.0013305622210064818;0.004989608328774306;0.0004324327218271066;3.326405552516204e-05;35.235131478155616
