start;end;start_time;end_time;start_speed;end_speed;Wh;Ah;L/h;L/km;NOx;CO;HC;PM;CO2;battery_degradation
(43.391264, -5.801079, 173.2862721503871);(43.391468, -5.801223, 174.6766786202788);0.0;25.01963210105896;0.1868967264890671;4.291832211540473;153.45374355316162;0.38363435888290404;0.0;0.0;0.001803085115149455;0.006761569181810456;0.000586002662423573;4.507712787873638e-05;0.0;1.0439030405052564e-07
(43.391468, -5.801223, 174.6766786202788);(43.391768, -5.801411, 174.9100775970146);25.01963210105896;32.01887309551239;4.291832211540473;3.660106241653154;42.928678099314375;0.10732169524828594;0.0;0.0;0.0008587331812071288;0.003220249429526733;0.00027908828389231686;2.146832953017822e-05;0.0;2.920318385605469e-08
(43.391768, -5.801411, 174.9100775970146);(43.392097, -5.801549, 175.4675523051992);32.01887309551239;40.01840901374817;3.660106241653154;4.767923730626298;49.06382029851278;0.12265955074628195;0.0;0.0;0.00407233428505113;0.015271253568941738;0.0013235086426416172;0.00010180835712627824;0.0;3.337675063230942e-08
(43.392097, -5.801549, 175.4675523051992);(43.39219, -5.801838, 174.6787773203105);40.01840901374817;46.01896810531616;4.767923730626298;4.940056325163201;-2225.535075666186;-5.563837689165465;0.0;0.0;0.0;0.0;0.0;0.0;0.0;0.0
(43.39219, -5.801838, 174.6787773203105);(43.392091, -5.802117, 174.6218505902216);46.01896810531616;50.01689302921295;4.940056325163201;6.779726368867506;24.520606199900307;0.06130151549975077;0.0;0.0;0.007595964849216629;0.02848486818456236;0.0024686885759954043;0.00018989912123041573;0.0;1.6680686251741386e-08
(43.392091, -5.802117, 174.6218505902216);(43.392029, -5.802437, 174.8956168377772);50.01689302921295;53.01878905296326;6.779726368867506;8.745816879385508;18.41162894566854;0.04602907236417135;0.0;0.0;0.01720548046638446;0.06452055174894172;0.00559178115157495;0.0004301370116596115;0.0;1.2524919050918014e-08
(43.392029, -5.802437, 174.8956168377772);(43.391929, -5.802772, 175.2724560108036);53.01878905296326;56.01697909832001;8.745816879385508;9.723267268344914;18.388898944854734;0.045972247362136835;0.0;0.0;0.012366628900802342;0.046374858378008775;0.004019154392760761;0.00030916572252005857;0.0;1.2509456530030625e-08
(43.391929, -5.802772, 175.2724560108036);(43.391746, -5.80312, 175.396753099747);56.01697909832001;60.01877307891846;9.723267268344914;8.485408375685488;-2804.849040561383;-7.0121226014034574;0.0;0.0;0.0;0.0;0.0;0.0;0.0;0.0
(43.391746, -5.80312, 175.396753099747);(43.391587, -5.803391, 173.9241051021963);60.01877307891846;64.01873803138733;8.485408375685488;6.03757650997554;-14587.824319973664;-36.46956079993416;0.0;0.0;0.0;0.0;0.0;0.0;0.0;0.0
(43.391587, -5.803391, 173.9241051021963);(43.391521, -5.803765, 173.1439117807895);64.01873803138733;74.01666009426117;6.03757650997554;4.311076358458661;-5003.528553395437;-12.508821383488591;0.0;0.0;0.0;0.0;0.0;0.0;0.0;0.0
(43.391521, -5.803765, 173.1439117807895);(43.391702, -5.803995, 173.5851919092238);74.01666009426117;78.01696407794952;4.311076358458661;6.759550801390853;24.53519776662191;0.06133799441655477;0.0;0.0;0.01332154108278694;0.049955779060451025;0.004329500851905755;0.00033303852706967346;0.0;1.6690612682026538e-08
(43.391702, -5.803995, 173.5851919092238);(43.391608, -5.804345, 173.6545990938321);78.01696407794952;82.01847302913666;6.759550801390853;7.797556622374737;24.542588233947757;0.06135647058486939;0.0;0.0;0.006573840205477575;0.024651900770540903;0.0021364980667802117;0.00016434600513693935;0.0;1.669564032975283e-08
(43.391608, -5.804345, 173.6545990938321);(43.391336, -5.804537, 173.5430060308427);82.01847302913666;86.01435208320618;7.797556622374737;9.26921121766196;24.508058198293046;0.06127014549573261;0.0;0.0;0.008510320131339589;0.031913700492523456;0.002765854042685367;0.00021275800328348973;0.0;1.6672150624780594e-08
(43.391336, -5.804537, 173.5430060308427);(43.391149, -5.804765, 173.5826874403283);86.01435208320618;88.01353704929352;9.26921121766196;12.34412393832168;12.26166779200236;0.030654169480005898;0.0;0.0;0.05179028119920588;0.19421355449702202;0.01683184138974191;0.0012947570299801467;0.0;8.341271747032881e-09
(43.391149, -5.804765, 173.5826874403283);(43.390955, -5.80502, 172.4374161697924);88.01353704929352;90.01447200775146;12.34412393832168;13.43000630263839;12.272401078542075;0.030681002696355188;0.0;0.0;0.009985959925942266;0.037447349722283495;0.003245436975931236;0.00024964899814855664;0.0;8.348573333118262e-09
(43.390955, -5.80502, 172.4374161697924);(43.390719, -5.805261, 172.7348168874159);90.01447200775146;92.01377606391908;13.43000630263839;14.67491013767743;12.262398211161383;0.030655995527903455;0.0;0.0;0.031014006015973553;0.11630252255990081;0.010079551955191404;0.0007753501503993388;0.0;8.341768690058871e-09
(43.390719, -5.805261, 172.7348168874159);(43.390506, -5.805509, 171.9668069882318);92.01377606391908;94.01774501800536;14.67491013767743;14.65773734619926;-1675.9413669348842;-4.18985341733721;0.0;0.0;0.0;0.0;0.0;0.0;0.0;0.0
(43.390506, -5.805509, 171.9668069882318);(43.390301, -5.805754, 171.1944854445755);94.01774501800536;96.01832699775696;14.65773734619926;14.47805116704527;-3019.662967921226;-7.549157419803065;0.0;0.0;0.0;0.0;0.0;0.0;0.0;0.0
(43.390301, -5.805754, 171.1944854445755);(43.390094, -5.805994, 170.5229803230613);96.01832699775696;98.01777410507202;14.47805116704527;14.85541524479295;12.26327559153239;0.030658188978830974;0.0;0.0;0.0038681533598084908;0.014505575099281841;0.0012571498419377595;9.670383399521226e-05;0.0;8.34236539911141e-09
(43.390094, -5.805994, 170.5229803230613);(43.389893, -5.806235, 169.2917851209641);98.01777410507202;100.0183041095734;14.85541524479295;14.62263913294934;-5713.529289439784;-14.28382322359946;0.0;0.0;0.0;0.0;0.0;0.0;0.0;0.0
(43.389893, -5.806235, 169.2917851209641);(43.389684, -5.806444, 168.7992813456804);100.0183041095734;102.0163260698318;14.62263913294934;14.1130702933443;-4105.0384538215085;-10.262596134553771;0.0;0.0;0.0;0.0;0.0;0.0;0.0;0.0
(43.389684, -5.806444, 168.7992813456804);(43.38949, -5.80665, 168.2228646520525);102.0163260698318;104.0182600021362;14.1130702933443;13.61442802288748;-4401.658695180986;-11.004146737952464;0.0;0.0;0.0;0.0;0.0;0.0;0.0;0.0
(43.38949, -5.80665, 168.2228646520525);(43.389303, -5.806833, 168.2199017191306);104.0182600021362;106.0182510614395;13.61442802288748;12.82185390967522;-3402.345034703818;-8.505862586759545;0.0;0.0;0.0;0.0;0.0;0.0;0.0;0.0
(43.389303, -5.806833, 168.2199017191306);(43.388976, -5.8071, 167.9087474616244);106.0182510614395;110.01593708992;12.82185390967522;9.519939495096343;-16694.962755354347;-41.73740688838587;0.0;0.0;0.0;0.0;0.0;0.0;0.0;0.0
(43.388976, -5.8071, 167.9087474616244);(43.388773, -5.807356, 167.1003944259137);110.01593708992;114.0150620937347;9.519939495096343;7.807473090010718;-8959.27385630647;-22.398184640766175;0.0;0.0;0.0;0.0;0.0;0.0;0.0;0.0
(43.388773, -5.807356, 167.1003944259137);(43.388597, -5.807597, 166.6479760687798);114.0150620937347;118.0180530548096;7.807473090010718;8.096504835106494;24.55167789459272;0.061379194736481804;0.0;0.0;0.0003629566595197417;0.0013610874731990314;0.00011796091434391605;9.073916487993542e-06;0.0;1.67018235660521e-08
(43.388597, -5.807597, 166.6479760687798);(43.38832, -5.807486, 166.8676801631227);118.0180530548096;122.014946103096;8.096504835106494;7.124911389497459;-1065.0516468376186;-2.6626291170940464;0.0;0.0;0.0;0.0;0.0;0.0;0.0;0.0
(43.38832, -5.807486, 166.8676801631227);(43.387998, -5.807692, 166.7433000151068);122.014946103096;126.0138510465622;7.124911389497459;9.308431569942853;24.526616986592696;0.061316542466481744;0.0;0.0;0.013779007506342783;0.051671278148785436;0.0044781774395614045;0.0003444751876585696;0.0;1.6684775527172254e-08
(43.387998, -5.807692, 166.7433000151068);(43.387777, -5.807941, 167.5101149203256);126.0138510465622;129.0161859989166;9.308431569942853;10.78325083779921;18.414321041107005;0.04603580260276751;0.0;0.0;0.01994578086889644;0.07479667825836164;0.006482378782391343;0.000498644521722411;0.0;1.2526750637107399e-08
(43.387777, -5.807941, 167.5101149203256);(43.387537, -5.808199, 167.6010423181579);129.0161859989166;132.0161030292511;10.78325083779921;11.25929577277988;18.39949111938494;0.04599872779846235;0.0;0.0;0.00777787988876807;0.02916704958288026;0.0025278109638496226;0.00019444699721920172;0.0;1.2516662320223304e-08
(43.387537, -5.808199, 167.6010423181579);(43.387292, -5.808443, 167.2344970703125);132.0161030292511;135.0147480964661;11.25929577277988;11.02625135589234;-1016.4491214809567;-2.541122803702392;0.0;0.0;0.0;0.0;0.0;0.0;0.0;0.0
(43.387292, -5.808443, 167.2344970703125);(43.387057, -5.808682, 167.5668138219044);135.0147480964661;138.015958070755;11.02625135589234;10.44924125431697;18.40742117563866;0.04601855293909665;0.0;0.0;0.0007592788821155974;0.00284729580793349;0.0002467656366875691;1.8981972052889932e-05;0.0;1.2522057098086254e-08
(43.387057, -5.808682, 167.5668138219044);(43.386836, -5.808918, 166.8910588286817);138.015958070755;142.0157550573349;10.44924125431697;6.847902966863187;-15882.718680755146;-39.70679670188787;0.0;0.0;0.0;0.0;0.0;0.0;0.0;0.0
(43.386836, -5.808918, 166.8910588286817);(43.386585, -5.809179, 164.9468858102337);142.0157550573349;170.0132540464401;6.847902966863187;5.40317725958132;-8739.843778176479;-21.849609445441196;0.0;0.0;0.0;0.0;0.0;0.0;0.0;0.0
(43.386585, -5.809179, 164.9468858102337);(43.386338, -5.809368, 165.1427864423022);170.0132540464401;174.0134921073914;5.40317725958132;8.137316215633653;24.534793440501243;0.06133698360125311;0.0;0.0;0.014888576377547527;0.05583216141580323;0.004838787322702947;0.0003722144094386882;0.0;1.6690337556421277e-08
(43.386338, -5.809368, 165.1427864423022);(43.386037, -5.809432, 165.9132477268577);174.0134921073914;178.0164520740509;8.137316215633653;7.873209012620478;24.551487795511708;0.06137871948877927;0.0;0.0;0.0050624385688395205;0.018984144633148202;0.0016452925348728444;0.00012656096422098803;0.0;1.6701694380193052e-08
(43.386037, -5.809432, 165.9132477268577);(43.38581, -5.809413, 166.0936301276088);178.0164520740509;182.0164721012115;7.873209012620478;5.517525879573469;-5306.268073873305;-13.265670184683263;0.0;0.0;0.0;0.0;0.0;0.0;0.0;0.0
(43.38581, -5.809413, 166.0936301276088);(43.385562, -5.809665, 167.2776071568951);182.0164721012115;189.0163240432739;5.517525879573469;5.813278717650048;42.93242524464942;0.10733106311162356;0.0;0.0;0.005287083729689909;0.019826563986337156;0.0017183022121492202;0.0001321770932422477;0.0;2.9205734484349935e-08
(43.385562, -5.809665, 167.2776071568951);(43.385734, -5.8099, 166.9423075132072);189.0163240432739;192.0156860351562;5.813278717650048;6.772340207825252;18.396086883544747;0.045990217208861865;0.0;0.0;0.006088952208933287;0.022833570783499825;0.0019789094679033186;0.00015222380522333218;0.0;1.2514346225979505e-08
(43.385734, -5.8099, 166.9423075132072);(43.38593, -5.810172, 170.0917267818004);192.0156860351562;196.0152760744095;6.772340207825252;7.923626063758262;24.530818907420365;0.06132704726855091;0.0;0.0;0.023804295319126124;0.08926610744672296;0.007736395978715989;0.0005951073829781531;0.0;1.6687633889821047e-08
(43.38593, -5.810172, 170.0917267818004);(43.386157, -5.810489, 172.4047704217955);196.0152760744095;200.0151680707932;7.923626063758262;9.331960778608714;24.532670911153335;0.061331677277883336;0.0;0.0;0.021867096715568208;0.08200161268338077;0.007106806432559667;0.0005466774178892051;0.0;1.6688893874648634e-08
(43.386157, -5.810489, 172.4047704217955);(43.386363, -5.810775, 172.641068351455);200.0151680707932;203.0150570869446;9.331960778608714;11.23446637234331;18.39931929906192;0.0459982982476548;0.0;0.0;0.019947309540639613;0.07480241077739856;0.006482875600707874;0.0004986827385159903;0.0;1.2516545392268579e-08
(43.386363, -5.810775, 172.641068351455);(43.386596, -5.811082, 172.4678992219269);203.0150570869446;206.014809012413;11.23446637234331;11.47750996127258;18.39847847620611;0.04599619619051528;0.0;0.0;0.004261614631222194;0.015981054867083226;0.001385024755147213;0.00010654036578055485;0.0;1.2515973470357266e-08
(43.386596, -5.811082, 172.4678992219269);(43.386808, -5.811364, 170.9072809014469);206.014809012413;209.0149410963058;11.47750996127258;10.5077152350904;-11132.96025658904;-27.8324006414726;0.0;0.0;0.0;0.0;0.0;0.0;0.0;0.0
(43.386808, -5.811364, 170.9072809014469);(43.386987, -5.811597, 166.8477362757549);209.0149410963058;213.0146700143814;10.5077152350904;5.895921310523113;-34338.0557178795;-85.84513929469875;0.0;0.0;0.0;0.0;0.0;0.0;0.0;0.0
(43.386987, -5.811597, 166.8477362757549);(43.387318, -5.811726, 165.6864853594452);213.0146700143814;220.0142050981522;5.895921310523113;6.596343346263182;-1778.6889581605512;-4.446722395401378;0.0;0.0;0.0;0.0;0.0;0.0;0.0;0.0
(43.387318, -5.811726, 165.6864853594452);(43.387417, -5.812029, 165.2718027997762);220.0142050981522;224.0140540599823;6.596343346263182;6.900922562455548;24.532406965891347;0.06133101741472837;0.0;0.0;0.0004945598101038671;0.0018545992878895017;0.00016073193828375682;1.2363995252596679e-05;0.0;1.6688709281993396e-08
(43.387417, -5.812029, 165.2718027997762);(43.387238, -5.812246, 164.9991851206869);224.0140540599823;228.0162810087204;6.900922562455548;6.092705116504039;-2649.2999662847237;-6.623249915711809;0.0;0.0;0.0;0.0;0.0;0.0;0.0;0.0
(43.387238, -5.812246, 164.9991851206869);(43.387011, -5.812222, 165.2327740006149);228.0162810087204;232.0157350301743;6.092705116504039;6.207966648373779;24.529984664917343;0.061324961662293356;0.0;0.0;0.003174055007884834;0.011902706279568128;0.001031567877562571;7.935137519712084e-05;0.0;1.6687061546747372e-08
(43.387011, -5.812222, 165.2327740006149);(43.386751, -5.812463, 163.960872056894);232.0157350301743;236.0133740901947;6.207966648373779;9.672759812476231;24.518852901458395;0.06129713225364599;0.0;0.0;0.012030246767506102;0.04511342537814788;0.003909830199439483;0.0003007561691876525;0.0;1.6679489038059123e-08
(43.386751, -5.812463, 163.960872056894);(43.386529, -5.812764, 162.6834325585514);236.0133740901947;239.0133190155029;9.672759812476231;11.05217258458242;18.399662208556954;0.04599915552139239;0.0;0.0;0.005663119480733477;0.02123669805275054;0.00184051383123838;0.00014157798701833692;0.0;1.251677504034395e-08
(43.386529, -5.812764, 162.6834325585514);(43.3864, -5.813127, 161.2784334989265);239.0133190155029;242.0135860443115;11.05217258458242;10.55818843719362;-7713.422340715151;-19.283555851787877;0.0;0.0;0.0;0.0;0.0;0.0;0.0;0.0
(43.3864, -5.813127, 161.2784334989265);(43.386332, -5.813444, 160.098024437204);242.0135860443115;245.0161560773849;10.55818843719362;8.36628967554772;-14276.103045709859;-35.69025761427465;0.0;0.0;0.0;0.0;0.0;0.0;0.0;0.0
(43.386332, -5.813444, 160.098024437204);(43.386283, -5.813754, 160.8203745000064);245.0161560773849;249.0130760669708;8.36628967554772;5.866502230635877;-3158.8946871665125;-7.8972367179162815;0.0;0.0;0.0;0.0;0.0;0.0;0.0;0.0
(43.386283, -5.813754, 160.8203745000064);(43.386225, -5.814185, 161.8891762774438);249.0130760669708;257.0124380588531;5.866502230635877;3.101993094078926;49.06275355021141;0.12265688387552853;0.0;0.0;0.0005133010261028514;0.0019248788478856927;0.0001668228334834267;1.2832525652571285e-05;0.0;3.3376014767156905e-08
(43.386225, -5.814185, 161.8891762774438);(43.386084, -5.814585, 163.8573382431641);257.0124380588531;282.015457034111;3.101993094078926;6.756357858617542;153.35184971491532;0.3833796242872883;0.0;0.0;0.002508361956529343;0.009406357336985036;0.0008152176358720365;6.270904891323358e-05;0.0;1.0432096407015479e-07
(43.386084, -5.814585, 163.8573382431641);(43.38602, -5.814959, 163.5932929646224);282.015457034111;286.0137521028519;6.756357858617542;8.34843967506875;24.52287642161086;0.06130719105402715;0.0;0.0;0.007363801102247425;0.02761425413342784;0.0023932353582304133;0.0001840950275561856;0.0;1.6682225747928212e-08
(43.38602, -5.814959, 163.5932929646224);(43.385945, -5.815304, 163.7770017310977);286.0137521028519;289.0166881084442;8.34843967506875;9.598177178466203;18.41800750096604;0.0460450187524151;0.0;0.0;0.01281796607746858;0.04806737279050717;0.004165838975177289;0.0003204491519367145;0.0;1.2529254545086132e-08
(43.385945, -5.815304, 163.7770017310977);(43.385862, -5.815735, 163.7671659169719);289.0166881084442;292.0131940841675;9.598177178466203;10.5245922898611;18.378569984436034;0.04594642496109008;0.0;0.0;0.011435777955509426;0.04288416733316034;0.0037166278355405635;0.0002858944488877356;0.0;1.2502426373780888e-08
(43.385862, -5.815735, 163.7671659169719);(43.385786, -5.816079, 163.717212902382);292.0131940841675;295.0134030580521;10.5245922898611;8.650480307372872;-7787.108594179169;-19.467771485447923;0.0;0.0;0.0;0.0;0.0;0.0;0.0;0.0
(43.385786, -5.816079, 163.717212902382);(43.3857, -5.816403, 163.4767686920241);295.0134030580521;299.0114840269089;8.650480307372872;4.407011030017975;-14825.819368084298;-37.06454842021074;0.0;0.0;0.0;0.0;0.0;0.0;0.0;0.0
(43.3857, -5.816403, 163.4767686920241);(43.385656, -5.816837, 163.4400627920404);299.0114840269089;330.0136170387268;4.407011030017975;5.82532694330401;190.14641580581664;0.4753660395145416;0.0;0.0;0.00035496898392006494;0.0013311336897002435;0.00011536491977402111;8.874224598001625e-06;0.0;1.293512366468974e-07
(43.385656, -5.816837, 163.4400627920404);(43.385579, -5.817168, 163.8479943014681);330.0136170387268;334.0157231092453;5.82532694330401;8.109570245507136;24.54625056584676;0.061365626414616896;0.0;0.0;0.01284324554981646;0.04816217081181172;0.004174054803690349;0.0003210811387454115;0.0;1.669812155408105e-08
(43.385579, -5.817168, 163.8479943014681);(43.385467, -5.8175, 164.3009287565947);334.0157231092453;338.0139681100845;8.109570245507136;6.628550830176212;-1673.1047349721355;-4.182761837430339;0.0;0.0;0.0;0.0;0.0;0.0;0.0;0.0
(43.385467, -5.8175, 164.3009287565947);(43.385423, -5.817935, 164.7869412982836);338.0139681100845;346.0133900642395;6.628550830176212;4.10409443514474;-1403.2565369515162;-3.5081413423787904;0.0;0.0;0.0;0.0;0.0;0.0;0.0;0.0
(43.385423, -5.817935, 164.7869412982836);(43.385657, -5.818181, 165.378382130526);346.0133900642395;350.0145510435104;4.10409443514474;9.235325011900628;24.54045400619472;0.06135113501548681;0.0;0.0;0.028513970569440644;0.10692738963540241;0.00926704043506821;0.0007128492642360161;0.0;1.669417877456188e-08
(43.385657, -5.818181, 165.378382130526);(43.385872, -5.81839, 165.9714090870693);350.0145510435104;353.0127180814743;9.235325011900628;9.003181265394112;18.3887578328454;0.0459718945821135;0.0;0.0;0.005156610589116491;0.019337289709186842;0.0016758984414628596;0.0001289152647279123;0.0;1.2509353434590291e-08
(43.385872, -5.81839, 165.9714090870693);(43.386076, -5.818682, 165.4891535425559);353.0127180814743;357.0156780481339;9.003181265394112;6.417500271393592;-11371.25788419974;-28.42814471049935;0.0;0.0;0.0;0.0;0.0;0.0;0.0;0.0
(43.386076, -5.818682, 165.4891535425559);(43.386178, -5.819067, 162.8771825768054);357.0156780481339;367.0122790336609;6.417500271393592;4.937212375500939;-13740.852040165064;-34.35213010041266;0.0;0.0;0.0;0.0;0.0;0.0;0.0;0.0
(43.386178, -5.819067, 162.8771825768054);(43.386264, -5.819453, 163.6250267690048);367.0122790336609;371.0153980255127;4.937212375500939;8.8148044942196;24.552463150024412;0.06138115787506103;0.0;0.0;0.023620914585322835;0.08857842969496063;0.007676797240229922;0.000590522864633071;0.0;1.6702347336045404e-08
(43.386264, -5.819453, 163.6250267690048);(43.386274, -5.819855, 164.353565803729);371.0153980255127;375.0153470039368;8.8148044942196;6.880277964722664;-2543.579657313643;-6.358949143284108;0.0;0.0;0.0;0.0;0.0;0.0;0.0;0.0
(43.386274, -5.819855, 164.353565803729);(43.386264, -5.820304, 163.1993382554501);375.0153470039368;402.0152500867844;6.880277964722664;4.92161359267963;-5163.5035739326195;-12.908758934831548;0.0;0.0;0.0;0.0;0.0;0.0;0.0;0.0
(43.386264, -5.820304, 163.1993382554501);(43.386174, -5.820606, 163.784192610532);402.0152500867844;406.0127240419388;4.92161359267963;6.980697775194018;24.51784025828009;0.06129460064570022;0.0;0.0;0.012311468990656825;0.04616800871496309;0.004001227421963468;0.00030778672476642065;0.0;1.6678794456102728e-08
(43.386174, -5.820606, 163.784192610532);(43.385942, -5.820979, 164.0474150041118);406.0127240419388;410.0148230791092;6.980697775194018;7.670439276516125;24.54620742797852;0.0613655185699463;0.0;0.0;0.0076595815496667136;0.028723430811250176;0.002489364003641682;0.00019148953874166782;0.0;1.6698091959076084e-08
(43.385942, -5.820979, 164.0474150041118);(43.385682, -5.821245, 163.9046409958974);410.0148230791092;414.0126579999924;7.670439276516125;8.105911882395416;24.52005418141718;0.06130013545354295;0.0;0.0;0.0036438287553600844;0.013664357832600314;0.0011842443454920272;9.10957188840021e-05;0.0;1.6680300761985715e-08
(43.385682, -5.821245, 163.9046409958974);(43.385376, -5.821448, 164.9122088178992);414.0126579999924;418.010528087616;8.105911882395416;8.433339889819546;24.520269870758057;0.061300674676895144;0.0;0.0;0.009584081413669579;0.035940305301260925;0.003114826459442613;0.00023960203534173946;0.0;1.66804476073897e-08
(43.385376, -5.821448, 164.9122088178992);(43.385152, -5.821513, 165.0115176131949);418.010528087616;420.0104150772095;8.433339889819546;8.613965013418108;12.265973536173153;0.03066493384043288;0.0;0.0;0.006861037562702462;0.025728890860134232;0.0022298372078783;0.00017152593906756154;0.0;8.344195683444392e-09
(43.385152, -5.821513, 165.0115176131949);(43.38488, -5.821572, 166.4234413160011);420.0104150772095;423.0141310691833;8.613965013418108;7.830037916094645;18.42279141743943;0.046056978543598574;0.0;0.0;0.006879550570258332;0.02579831463846874;0.0022358539353339577;0.00017198876425645828;0.0;1.2532505214532344e-08
(43.38488, -5.821572, 166.4234413160011);(43.384606, -5.821509, 167.1531824907288);423.0141310691833;427.0128771066666;7.830037916094645;5.583600455523494;-3499.854906518615;-8.749637266296537;0.0;0.0;0.0;0.0;0.0;0.0;0.0;0.0
(43.384606, -5.821509, 167.1531824907288);(43.384333, -5.821324, 166.9522901056334);427.0128771066666;452.0101760625839;5.583600455523494;5.738826463067269;153.3167669296261;0.38329191732406526;0.0;0.0;0.00015978787629910573;0.0005992045361216464;5.1931059797209354e-05;3.994696907477643e-06;0.0;1.0429707044375884e-07
(43.384333, -5.821324, 166.9522901056334);(43.384096, -5.821103, 167.3083207160234);452.0101760625839;456.0103160142899;5.738826463067269;8.39732707660202;24.534191703796736;0.06133547925949184;0.0;0.0;0.015626374771453802;0.05859890539295176;0.005078571800722486;0.00039065936928634506;0.0;1.6689918770064575e-08
(43.384096, -5.821103, 167.3083207160234);(43.383912, -5.820808, 167.4893805589527);456.0103160142899;460.0144500732422;8.39732707660202;6.902018085040309;-3311.108842067624;-8.27777210516906;0.0;0.0;0.0;0.0;0.0;0.0;0.0;0.0
(43.383912, -5.820808, 167.4893805589527);(43.383771, -5.820446, 167.0662357714027);460.0144500732422;470.010370016098;6.902018085040309;6.129337585040904;-1608.7017920078924;-4.021754480019731;0.0;0.0;0.0;0.0;0.0;0.0;0.0;0.0
(43.383771, -5.820446, 167.0662357714027);(43.383682, -5.820098, 167.6946302223951);470.010370016098;474.0144100189209;6.129337585040904;7.049470718678863;24.558112017313636;0.06139528004328409;0.0;0.0;0.009015428765632655;0.033807857871122456;0.002930014348830613;0.00022538571914081638;0.0;1.6706190648392295e-08
(43.383682, -5.820098, 167.6946302223951);(43.383685, -5.819663, 167.1036640899256);474.0144100189209;482.0143330097198;7.049470718678863;1.289792017331969;-14095.730024571716;-35.23932506142929;0.0;0.0;0.0;0.0;0.0;0.0;0.0;0.0
(43.383685, -5.819663, 167.1036640899256);(43.383515, -5.819456, 167.1376055413857);482.0143330097198;490.0100890398026;1.289792017331969;2.887017899354409;49.04063698450794;0.12260159246126985;0.0;0.0;0.0021903871964576676;0.008213951986716253;0.0007118758388487419;5.475967991144168e-05;0.0;3.3360961233910307e-08
(43.383515, -5.819456, 167.1376055413857);(43.383178, -5.819359, 167.1659710789099);490.0100890398026;498.0105540752411;2.887017899354409;7.376269709773368;49.06951888402268;0.1226737972100567;0.0;0.0;0.007144107961788772;0.026790404856707896;0.002321835087581351;0.00017860269904471928;0.0;3.338060924804154e-08
(43.383178, -5.819359, 167.1659710789099);(43.382941, -5.819292, 167.4039720017463);498.0105540752411;503.0119770765305;7.376269709773368;3.6674259269261;-7555.8098325456895;-18.889524581364224;0.0;0.0;0.0;0.0;0.0;0.0;0.0;0.0
(43.382941, -5.819292, 167.4039720017463);(43.382644, -5.819182, 168.1421691132709);503.0119770765305;534.0109020471573;3.6674259269261;2.207992274014735;190.1267398198442;0.4753168495496105;0.0;0.0;0.0006485379799188165;0.0024320174246955616;0.00021077484347361536;1.6213449497970413e-05;0.0;1.2933785298585575e-07
(43.382644, -5.819182, 168.1421691132709);(43.382316, -5.819153, 167.8361818837002);534.0109020471573;550.0088250637054;2.207992274014735;6.698183245773811;98.12059450149538;0.24530148625373843;0.0;0.0;0.0015264693810756078;0.0057242601790335286;0.0004961025488495726;3.8161734526890195e-05;0.0;6.674867284260699e-08
(43.382316, -5.819153, 167.8361818837002);(43.382038, -5.819072, 169.767480163835);550.0088250637054;554.0088900327682;6.698183245773811;8.73778278174247;24.533731810251872;0.06133432952562968;0.0;0.0;0.02136146981651733;0.08010551181193999;0.006942477690368132;0.0005340367454129332;0.0;1.6689606045900973e-08
(43.382038, -5.819072, 169.767480163835);(43.381739, -5.818988, 174.1634650779888);554.0088900327682;558.0106400251389;8.73778278174247;8.155463465285296;24.54406661987305;0.061360166549682627;0.0;0.0;0.02296014266415716;0.08610053499058934;0.007462046365851076;0.0005740035666039289;0.0;1.6696636643871443e-08
(43.381739, -5.818988, 174.1634650779888);(43.381474, -5.819031, 178.2745262859389);558.0106400251389;562.0089310407639;8.155463465285296;7.359292403294335;24.522851562499998;0.061307128906249994;0.0;0.0;0.0205596366568104;0.07709863746303901;0.00668188191346338;0.00051399091642026;0.0;1.668220475655365e-08
(43.381474, -5.819031, 178.2745262859389);(43.381254, -5.819191, 180.8998061819002);562.0089310407639;567.0088371038437;7.359292403294335;3.07633844273644;30.666090520222983;0.07666522630055746;0.0;0.0;0.002132043076586574;0.007995161537199652;0.0006929139998906365;5.330107691466435e-05;0.0;2.0861277242498015e-08
(43.381254, -5.819191, 180.8998061819002);(43.380896, -5.819522, 180.5348407542333);567.0088371038437;576.0086311101913;3.07633844273644;5.522615991905968;55.19873657226563;0.13799684143066407;0.0;0.0;0.003545974387061083;0.013297403951479063;0.001152441675794852;8.86493596765271e-05;0.0;3.755014551292864e-08
(43.380896, -5.819522, 180.5348407542333);(43.380748, -5.819838, 180.8378264904022);576.0086311101913;582.0085541009903;5.522615991905968;6.392541057020114;36.799527676900226;0.09199881919225056;0.0;0.0;0.003928731900111774;0.014732744625419151;0.0012768378675363263;9.821829750279433e-05;0.0;2.5033682349355026e-08
(43.380748, -5.819838, 180.8378264904022);(43.380518, -5.819761, 181.0849362174049);582.0085541009903;584.008810043335;6.392541057020114;6.518360212173853;12.268236446380616;0.03067059111595154;0.0;0.0;0.00766612618679062;0.028747973200464818;0.0024914910107069516;0.00019165315466976548;0.0;8.345735821914484e-09
(43.380518, -5.819761, 181.0849362174049);(43.380449, -5.819366, 182.3243056675419);584.008810043335;589.0093990564346;6.518360212173853;5.490808922445397;30.670279280344644;0.0766756982008616;0.0;0.0;0.003941955785521773;0.014782334195706646;0.0012811356302945762;9.854889463804433e-05;0.0;2.0864127551144898e-08
(43.380449, -5.819366, 182.3243056675419);(43.380284, -5.81908, 183.6753282286227);589.0093990564346;593.0082510709763;5.490808922445397;9.681139455611545;24.526292355855308;0.06131573088963827;0.0;0.0;0.026356810309865808;0.09883803866199678;0.008565963350706389;0.0006589202577466451;0.0;1.66845463477235e-08
(43.380284, -5.81908, 183.6753282286227);(43.380073, -5.818807, 185.8066204413772);593.0082510709763;596.0084480047226;9.681139455611545;10.29825569434419;18.401207860310873;0.04600301965077718;0.0;0.0;0.023180285806022716;0.08692607177258517;0.007533592886957382;0.0005795071451505678;0.0;1.2517823845807166e-08
(43.380073, -5.818807, 185.8066204413772);(43.379854, -5.818547, 187.568976550363);596.0084480047226;600.0124430656433;10.29825569434419;6.577990638310218;-4582.600454801825;-11.456501137004564;0.0;0.0;0.0;0.0;0.0;0.0;0.0;0.0
(43.379854, -5.818547, 187.568976550363);(43.379611, -5.818278, 188.3598660854623);600.0124430656433;630.011244058609;6.577990638310218;4.108795171083454;183.99264609018962;0.45998161522547404;0.0;0.0;0.0006311930986444228;0.0023669741199165853;0.00020513775705943742;1.577982746611057e-05;0.0;1.2516499379112626e-07
(43.379611, -5.818278, 188.3598660854623);(43.379347, -5.81795, 189.9334574714303);630.011244058609;636.0128180980682;4.108795171083454;7.255998755813702;36.80965410868327;0.09202413527170818;0.0;0.0;0.014927479459343385;0.05597804797253769;0.0048514308242866;0.0003731869864835846;0.0;2.5040567505290785e-08
(43.379347, -5.81795, 189.9334574714303);(43.379106, -5.817648, 190.5447624428198);636.0128180980682;643.0123800039291;7.255998755813702;5.440886445367505;42.93064635594686;0.10732661588986715;0.0;0.0;0.00014928324061133755;0.0005598121522925158;4.8517053198684705e-05;3.7320810152834385e-06;0.0;2.920450589760056e-08
(43.379106, -5.817648, 190.5447624428198);(43.378801, -5.817839, 190.9917759802192);643.0123800039291;648.0124340057373;5.440886445367505;7.321641361460617;30.666997877756756;0.0766674946943919;0.0;0.0;0.009948790049057254;0.0373079626839647;0.0032333567659436073;0.0002487197512264313;0.0;2.086189251561639e-08
(43.378801, -5.817839, 190.9917759802192);(43.378723, -5.818318, 192.0496401265264);648.0124340057373;652.0117630958557;7.321641361460617;10.4830693094445;24.529218419392905;0.06132304604848226;0.0;0.0;0.02577898342190559;0.09667118783214594;0.008378169612119315;0.0006444745855476396;0.0;1.66865346348762e-08
(43.378723, -5.818318, 192.0496401265264);(43.378684, -5.818629, 192.6108680414036);652.0117630958557;654.0119490623474;10.4830693094445;11.93981049310882;12.26780726114909;0.030669518152872725;0.0;0.0;0.03037479153996191;0.11390546827485716;0.009871807250487622;0.0007593697884990478;0.0;8.345442905882313e-09
(43.378684, -5.818629, 192.6108680414036);(43.378601, -5.818953, 193.2289409982041);654.0119490623474;656.0120180845261;11.93981049310882;12.33039623406713;12.267090002695719;0.030667725006739296;0.0;0.0;0.016806353046102843;0.06302382392288566;0.005462064739983424;0.0004201588261525711;0.0;8.344955004796854e-09
(43.378601, -5.818953, 193.2289409982041);(43.378559, -5.819262, 193.5665274159983);656.0120180845261;658.0117210149765;12.33039623406713;12.01368261228849;12.26484464009603;0.030662111600240075;0.0;0.0;0.002898082578420582;0.010867809669077183;0.0009418768379866892;7.245206446051457e-05;0.0;8.343427577557349e-09
(43.378559, -5.819262, 193.5665274159983);(43.378485, -5.819706, 194.2872318997979);658.0117210149765;661.0149980783463;12.01368261228849;10.90383484072971;-961.3655904790053;-2.403413976197513;0.0;0.0;0.0;0.0;0.0;0.0;0.0;0.0
(43.378485, -5.819706, 194.2872318997979);(43.37842, -5.820051, 194.8012808347121);661.0149980783463;664.0112860202789;10.90383484072971;8.189719235395343;-9046.012576414274;-22.615031441035686;0.0;0.0;0.0;0.0;0.0;0.0;0.0;0.0
(43.37842, -5.820051, 194.8012808347121);(43.378361, -5.820368, 195.3514875406399);664.0112860202789;669.0109080076218;8.189719235395343;3.388917969008983;-8822.386494727227;-22.055966236818065;0.0;0.0;0.0;0.0;0.0;0.0;0.0;0.0
(43.378361, -5.820368, 195.3514875406399);(43.378435, -5.820788, 196.5299166478217);669.0109080076218;695.0095649957657;3.388917969008983;7.590237809131272;159.4584295272827;0.39864607381820677;0.0;0.0;0.0017836866591050627;0.006688824971643985;0.0005796981642091454;4.4592166477626575e-05;0.0;1.0847507710996258e-07
(43.378435, -5.820788, 196.5299166478217);(43.3785, -5.821134, 195.8713412042707);695.0095649957657;699.0092591047287;7.590237809131272;7.507980018116832;-1967.3508912209904;-4.918377228052476;0.0;0.0;0.0;0.0;0.0;0.0;0.0;0.0
(43.3785, -5.821134, 195.8713412042707);(43.378337, -5.821382, 196.0701148239896);699.0092591047287;703.0092670917511;7.507980018116832;6.626193263926921;-542.7784034036788;-1.3569460085091969;0.0;0.0;0.0;0.0;0.0;0.0;0.0;0.0
(43.378337, -5.821382, 196.0701148239896);(43.378003, -5.821292, 196.4503273312002);703.0092670917511;709.0088260173798;6.626193263926921;5.983780621383678;36.797294743855794;0.09199323685963949;0.0;0.0;0.0013784433200048653;0.005169162450018244;0.0004479940790015812;3.446108300012163e-05;0.0;2.503216379129943e-08
(43.378003, -5.821292, 196.4503273312002);(43.37772, -5.821404, 196.7810318376869);709.0088260173798;713.0092710256577;5.983780621383678;9.447802015462036;24.536062717437744;0.061340156793594364;0.0;0.0;0.019564058021528552;0.07336521758073207;0.006358318856996779;0.0004891014505382139;0.0;1.6691192938319923e-08
(43.37772, -5.821404, 196.7810318376869);(43.377471, -5.821557, 199.4852359043434);713.0092710256577;716.0084620714188;9.447802015462036;10.56803979098385;18.395038414001466;0.045987596035003665;0.0;0.0;0.030546272123598124;0.11454852046349294;0.00992753844016939;0.000763656803089953;0.0;1.2513627011590717e-08
(43.377471, -5.821557, 199.4852359043434);(43.377213, -5.821704, 202.2642611498013);716.0084620714188;719.0084249973297;10.56803979098385;10.52561481413225;18.399772612253827;0.045999431530634564;0.0;0.0;0.022518446752608286;0.08444417532228107;0.007318495194597693;0.0005629611688152071;0.0;1.2516847619915932e-08
(43.377213, -5.821704, 202.2642611498013);(43.376935, -5.821879, 204.8174420548603);719.0084249973297;722.0081800222397;10.52561481413225;10.66356266362736;18.3984974861145;0.04599624371528625;0.0;0.0;0.022689364748197473;0.08508511780574052;0.007374043543164179;0.000567234118704937;0.0;1.2515980254003505e-08
(43.376935, -5.821879, 204.8174420548603);(43.376605, -5.822076, 207.2347946595401);722.0081800222397;726.0108590126038;10.66356266362736;8.332730489724538;24.549764474232994;0.061374411185582484;0.0;0.0;0.0028281841020339786;0.010605690382627419;0.000919159833161043;7.070460255084946e-05;0.0;1.670051424246329e-08
(43.376605, -5.822076, 207.2347946595401);(43.376321, -5.822246, 209.3345754193142);726.0108590126038;734.0085060596466;8.332730489724538;4.080892599310935;49.05223522186279;0.12263058805465697;0.0;0.0;0.0016437793582818772;0.006164172593557039;0.0005342282914416101;4.1094483957046926e-05;0.0;3.336885624766713e-08
(43.376321, -5.822246, 209.3345754193142);(43.376144, -5.822593, 209.6176141817123);734.0085060596466;740.0103130340576;4.080892599310935;6.927636359488726;36.811082776387536;0.09202770694096885;0.0;0.0;0.008385391616557838;0.03144521856209189;0.0027252522753812972;0.00020963479041394596;0.0;2.5041544777053557e-08
(43.376144, -5.822593, 209.6176141817123);(43.375931, -5.822714, 209.3814228586853);740.0103130340576;744.0106590986252;6.927636359488726;6.492280887453297;-1194.6591584537548;-2.986647896134387;0.0;0.0;0.0;0.0;0.0;0.0;0.0;0.0
(43.375931, -5.822714, 209.3814228586853);(43.375666, -5.822838, 207.8912817826495);744.0106590986252;748.0076730251312;6.492280887453297;8.920188932777368;24.51501874923706;0.06128754687309265;0.0;0.0;0.004306280759202082;0.016148552847007808;0.0013995412467406767;0.00010765701898005206;0.0;1.667687890398876e-08
(43.375666, -5.822838, 207.8912817826495);(43.375458, -5.823126, 206.5098355449736);748.0076730251312;751.0105760097504;8.920188932777368;11.26939334024632;18.417804972330728;0.04604451243082682;0.0;0.0;0.011914957026902128;0.044681088850882976;0.0038723610337431918;0.00029787392567255324;0.0;1.2529115651460643e-08
(43.375458, -5.823126, 206.5098355449736);(43.37522, -5.823436, 204.3890836117789);751.0105760097504;754.0092000961304;11.26939334024632;12.35936476738155;-1434.258228856919;-3.5856455721422975;0.0;0.0;0.0;0.0;0.0;0.0;0.0;0.0
(43.37522, -5.823436, 204.3890836117789);(43.375058, -5.823656, 203.4406726900488);754.0092000961304;756.0090020895004;12.35936476738155;12.37425422980762;-2946.6050260248867;-7.366512565062217;0.0;0.0;0.0;0.0;0.0;0.0;0.0;0.0
(43.375058, -5.823656, 203.4406726900488);(43.374812, -5.823962, 201.7193941622972);756.0090020895004;759.0109130144119;12.37425422980762;12.0048595751126;-8464.602842332193;-21.161507105830484;0.0;0.0;0.0;0.0;0.0;0.0;0.0;0.0
(43.374812, -5.823962, 201.7193941622972);(43.374576, -5.824261, 200.2681555757299);759.0109130144119;762.0080630779266;12.0048595751126;11.51835558008263;-7879.304784074881;-19.698261960187203;0.0;0.0;0.0;0.0;0.0;0.0;0.0;0.0
(43.374576, -5.824261, 200.2681555757299);(43.374323, -5.824484, 198.6566532161087);762.0080630779266;765.0112590789795;11.51835558008263;10.6373363560142;-10930.842628189796;-27.327106570474488;0.0;0.0;0.0;0.0;0.0;0.0;0.0;0.0
(43.374323, -5.824484, 198.6566532161087);(43.374046, -5.824638, 195.9348754044622);765.0112590789795;769.0087180137634;10.6373363560142;6.940683102461373;-27252.155304934768;-68.13038826233692;0.0;0.0;0.0;0.0;0.0;0.0;0.0;0.0
(43.374046, -5.824638, 195.9348754044622);(43.373738, -5.824704, 192.3287433544174);769.0087180137634;775.0071851015091;6.940683102461373;5.443301483089182;-20406.295499636344;-51.01573874909086;0.0;0.0;0.0;0.0;0.0;0.0;0.0;0.0
(43.373738, -5.824704, 192.3287433544174);(43.373512, -5.824801, 189.8955223215744);775.0071851015091;782.0103400945663;5.443301483089182;5.32125706265255;-10930.929398684877;-27.327323496712193;0.0;0.0;0.0;0.0;0.0;0.0;0.0;0.0
(43.373512, -5.824801, 189.8955223215744);(43.373248, -5.825041, 189.1621631346643);782.0103400945663;788.0065310001373;5.32125706265255;6.021232583333931;36.7766375541687;0.09194159388542175;0.0;0.0;0.0002289263458584801;0.0008584737969693002;7.440106240400603e-05;5.723158646462003e-06;0.0;2.50181142977605e-08
(43.373248, -5.825041, 189.1621631346643);(43.373169, -5.825429, 190.1754922568798);788.0065310001373;794.0066471099854;6.021232583333931;4.587106334568891;36.8007121404012;0.09200178035100301;0.0;0.0;0.0020500537495566165;0.0076877015608373105;0.0006662674686059003;5.1251343738915405e-05;0.0;2.5034491829103446e-08
(43.373169, -5.825429, 190.1754922568798);(43.373194, -5.825847, 193.5572186363861);794.0066471099854;819.0089120864868;4.587106334568891;4.308307684143236;153.34722518920898;0.38336806297302245;0.0;0.0;0.003194205897456298;0.011978272115461116;0.001038116916673297;7.985514743640744e-05;0.0;1.0431781718788594e-07
(43.373194, -5.825847, 193.5572186363861);(43.373213, -5.826183, 194.7634818609804);819.0089120864868;823.0096720457077;4.308307684143236;7.70284808730333;24.53799441655477;0.061344986041386926;0.0;0.0;0.02102714883969499;0.07885180814885621;0.006833823372900872;0.0005256787209923748;0.0;1.6692509944675747e-08
(43.373213, -5.826183, 194.7634818609804);(43.373235, -5.826522, 195.9844307433814);823.0096720457077;826.0088109970093;7.70284808730333;9.767878464813098;18.394718901316327;0.04598679725329082;0.0;0.0;0.025262381791635608;0.09473393171863354;0.008210274082281572;0.0006315595447908902;0.0;1.251341184949221e-08
(43.373235, -5.826522, 195.9844307433814);(43.373254, -5.826908, 197.5276054805145);826.0088109970093;829.0088220834732;9.767878464813098;9.96825211036777;18.40006799697876;0.046000169992446896;0.0;0.0;0.01550976954536534;0.058161635795120015;0.005040675102243735;0.00038774423863413343;0.0;1.2517050755936529e-08
(43.373254, -5.826908, 197.5276054805145);(43.373299, -5.827349, 197.656341294758);829.0088220834732;833.0089650154114;9.96825211036777;9.191825206560445;-752.005949123246;-1.880014872808115;0.0;0.0;0.0;0.0;0.0;0.0;0.0;0.0
(43.373299, -5.827349, 197.656341294758);(43.373329, -5.827721, 197.5817253151909);833.0089650154114;836.0063970088959;9.191825206560445;10.07062910802438;18.38424956003825;0.04596062390009562;0.0;0.0;0.008716438624101472;0.032686644840380516;0.002832842552832978;0.00021791096560253676;0.0;1.2506290894738944e-08
(43.373329, -5.827721, 197.5817253151909);(43.373371, -5.828091, 197.5897853467613);836.0063970088959;839.0103780031204;10.07062910802438;9.86577937115804;18.42441676457723;0.04606104191144308;0.0;0.0;0.0012217894040222402;0.004581710265083401;0.000397081556307228;3.0544735100556e-05;0.0;1.253361558738675e-08
(43.373371, -5.828091, 197.5897853467613);(43.373416, -5.828529, 197.0806181784719);839.0103780031204;843.0100470781326;9.86577937115804;7.953007989784616;-9196.040236032317;-22.990100590080793;0.0;0.0;0.0;0.0;0.0;0.0;0.0;0.0
(43.373416, -5.828529, 197.0806181784719);(43.373505, -5.828951, 196.3552618445829);843.0100470781326;851.0083990097046;7.953007989784616;2.028311824357572;-15226.870033286652;-38.06717508321663;0.0;0.0;0.0;0.0;0.0;0.0;0.0;0.0
(43.373505, -5.828951, 196.3552618445829);(43.373683, -5.829165, 197.4897104064003);851.0083990097046;858.0056660175323;2.028311824357572;4.853502090433276;42.91657098134359;0.10729142745335897;0.0;0.0;0.007738039684565001;0.02901764881711875;0.0025148628974836253;0.000193450992114125;0.0;2.919494228194708e-08
(43.373683, -5.829165, 197.4897104064003);(43.373673, -5.829474, 198.2486729379743);858.0056660175323;862.0082091093063;4.853502090433276;6.400600716734937;24.54893096288045;0.06137232740720113;0.0;0.0;0.010968828742209493;0.04113310778328559;0.0035648693412180846;0.00027422071855523727;0.0;1.6699950931335176e-08
(43.373673, -5.829474, 198.2486729379743);(43.373708, -5.82984, 198.6924229077995);862.0082091093063;866.0065190792084;6.400600716734937;8.056234641041556;24.522967815399166;0.061307419538497915;0.0;0.0;0.011125702107718337;0.04172138290394376;0.0036158531850084595;0.00027814255269295845;0.0;1.668228904662783e-08
(43.373708, -5.82984, 198.6924229077995);(43.37383, -5.830239, 199.5300898011774);866.0065190792084;870.0076390504837;8.056234641041556;7.817371828309431;24.540202490488685;0.061350506226221714;0.0;0.0;0.005579417863637272;0.020922816988639768;0.0018133108056821135;0.00013948544659093178;0.0;1.669401343235677e-08
(43.37383, -5.830239, 199.5300898011774);(43.373966, -5.83054, 199.9183927252889);870.0076390504837;874.0085020065308;7.817371828309431;6.101434747258241;-2747.813795946512;-6.86953448986628;0.0;0.0;0.0;0.0;0.0;0.0;0.0;0.0
(43.373966, -5.83054, 199.9183927252889);(43.374259, -5.830544, 200.4880934683606);874.0085020065308;881.0066961050034;6.101434747258241;6.973685694574887;42.92225713729859;0.10730564284324647;0.0;0.0;0.004173689425462153;0.01565133534548307;0.0013564490632751998;0.00010434223563655382;0.0;2.9198811090272634e-08
(43.374259, -5.830544, 200.4880934683606);(43.374418, -5.830218, 202.8396635046229);881.0066961050034;885.0099800825119;6.973685694574887;7.866522407471531;24.55347506205241;0.061383687655131025;0.0;0.0;0.018599312197169312;0.06974742073938493;0.006044776464080027;0.0004649828049292329;0.0;1.6703042541242513e-08
(43.374418, -5.830218, 202.8396635046229);(43.374509, -5.829926, 204.438752877526);885.0099800825119;889.0093910694122;7.866522407471531;5.129210859720477;24.529720719655355;0.061324301799138385;0.0;0.0;0.000448011623378007;0.0016800435876675262;0.00014560377759785227;1.1200290584450173e-05;0.0;1.6686883244669085e-08
(43.374509, -5.829926, 204.438752877526);(43.374698, -5.829718, 205.0144874127582);889.0093910694122;896.0098630189896;5.129210859720477;4.714433857068373;42.93622795740763;0.10734056989351907;0.0;0.0;0.002169713944285299;0.008136427291069871;0.0007051570318927223;5.4242848607132474e-05;0.0;2.9208315824765424e-08
(43.374698, -5.829718, 205.0144874127582);(43.374977, -5.829991, 205.2248585550115);896.0098630189896;903.0097759962082;4.714433857068373;4.009270397013595;42.932799593607584;0.10733199898401896;0.0;0.0;0.0006739592614456905;0.0025273472304213392;0.0002190367599698494;1.6848981536142262e-05;0.0;2.9205983966846815e-08
(43.374977, -5.829991, 205.2248585550115);(43.375209, -5.830238, 204.3558369250968);903.0097759962082;934.006458044052;4.009270397013595;4.494218280296514;-2391.0898145533756;-5.977724536383439;0.0;0.0;0.0;0.0;0.0;0.0;0.0;0.0
(43.375209, -5.830238, 204.3558369250968);(43.375483, -5.830318, 203.1533936709166);934.006458044052;939.0055990219116;4.494218280296514;5.409018000552146;-1465.8814848917898;-3.6647037122294743;0.0;0.0;0.0;0.0;0.0;0.0;0.0;0.0
(43.375483, -5.830318, 203.1533936709166);(43.375574, -5.83064, 202.2372013377026);939.0055990219116;943.0081440210342;5.409018000552146;4.743580705216672;-5481.972992326043;-13.704932480815108;0.0;0.0;0.0;0.0;0.0;0.0;0.0;0.0
(43.375574, -5.83064, 202.2372013377026);(43.375811, -5.830949, 200.1670131422579);943.0081440210342;949.0070060491562;4.743580705216672;6.338664078394079;-3471.4045321401313;-8.678511330350329;0.0;0.0;0.0;0.0;0.0;0.0;0.0;0.0
(43.375811, -5.830949, 200.1670131422579);(43.375762, -5.831318, 197.4243416171521);949.0070060491562;953.00641310215;6.338664078394079;6.337193110201907;-11991.446596078325;-29.978616490195815;0.0;0.0;0.0;0.0;0.0;0.0;0.0;0.0
(43.375762, -5.831318, 197.4243416171521);(43.375836, -5.831714, 194.0268001630902);953.00641310215;959.0042140483856;6.337193110201907;5.160217386253258;-18388.232020573487;-45.970580051433714;0.0;0.0;0.0;0.0;0.0;0.0;0.0;0.0
(43.375836, -5.831714, 194.0268001630902);(43.37603, -5.831943, 191.564640388824);959.0042140483856;965.0051490068436;5.160217386253258;4.29113060447056;-12858.852752637797;-32.14713188159449;0.0;0.0;0.0;0.0;0.0;0.0;0.0;0.0
(43.37603, -5.831943, 191.564640388824);(43.375932, -5.832318, 191.1496726525947);965.0051490068436;970.0047219991684;4.29113060447056;6.777955734814766;30.66404768625895;0.07666011921564737;0.0;0.0;0.0068319547377027655;0.025619830266385372;0.002220385289753399;0.00017079886844256913;0.0;2.0859896292080293e-08
(43.375932, -5.832318, 191.1496726525947);(43.375693, -5.832142, 191.8962931875139);970.0047219991684;974.007097005844;6.777955734814766;8.763332438388083;24.547900040943723;0.06136975010235931;0.0;0.0;0.014227134876491365;0.053351755786842606;0.0046238188348596936;0.00035567837191228407;0.0;1.669925178717335e-08
(43.375693, -5.832142, 191.8962931875139);(43.375447, -5.832115, 194.6180672887713);974.007097005844;977.0060141086578;8.763332438388083;9.761048539859887;18.393358230591517;0.04598339557647879;0.0;0.0;0.028684340140602966;0.10756627552726111;0.009322410545695962;0.0007171085035150741;0.0;1.2512488713790997e-08
(43.375447, -5.832115, 194.6180672887713);(43.37517, -5.832088, 197.3994903685525);977.0060141086578;980.0087720155716;9.761048539859887;9.749431000720886;18.41691516240438;0.04604228790601095;0.0;0.0;0.022650349278273234;0.08493880979352463;0.007361363515438799;0.0005662587319568308;0.0;1.252851390423378e-08
(43.37517, -5.832088, 197.3994903685525);(43.374902, -5.83192, 200.0340875275433);980.0087720155716;984.0039660930634;9.749431000720886;8.226168134198803;24.50385700861613;0.06125964252154033;0.0;0.0;0.009466449238839538;0.03549918464564827;0.0030765960026228494;0.00023666123097098842;0.0;1.666929083588305e-08
(43.374902, -5.83192, 200.0340875275433);(43.374649, -5.831888, 200.7142838640139);984.0039660930634;987.0065810680388;8.226168134198803;7.825153513972588;18.416038513182897;0.046040096282957244;0.0;0.0;0.004491729326857026;0.016843984975713846;0.0014598120312285334;0.00011229323317142563;0.0;1.2527917699524475e-08
(43.374649, -5.831888, 200.7142838640139);(43.374512, -5.831606, 199.8265958735719);987.0065810680388;990.0087720155716;7.825153513972588;7.936170814426035;-2359.349133657607;-5.898372834144018;0.0;0.0;0.0;0.0;0.0;0.0;0.0;0.0
(43.374512, -5.831606, 199.8265958735719);(43.374296, -5.831376, 198.5924009410664);990.0087720155716;994.008978009224;7.936170814426035;6.820723338416007;-8796.633150338623;-21.991582875846557;0.0;0.0;0.0;0.0;0.0;0.0;0.0;0.0
(43.374296, -5.831376, 198.5924009410664);(43.374072, -5.831206, 197.6640308853239);994.008978009224;998.0086530447006;6.820723338416007;6.330131499957935;-4868.215348328727;-12.170538370821816;0.0;0.0;0.0;0.0;0.0;0.0;0.0;0.0
(43.374072, -5.831206, 197.6640308853239);(43.373731, -5.831386, 194.8707477869466);998.0086530447006;1003.008565068245;6.330131499957935;7.460202109306323;-7013.116343484029;-17.532790858710072;0.0;0.0;0.0;0.0;0.0;0.0;0.0;0.0
(43.373731, -5.831386, 194.8707477869466);(43.373505, -5.83143, 193.1155343381688);1003.008565068245;1010.004835009575;7.460202109306323;0.6874713733023189;-19960.78852664929;-49.90197131662322;0.0;0.0;0.0;0.0;0.0;0.0;0.0;0.0
(43.373505, -5.83143, 193.1155343381688);(43.373286, -5.831571, 193.3205420728773);1010.004835009575;1016.007290005684;0.6874713733023189;5.125411174846498;36.815057309468585;0.09203764327367146;0.0;0.0;0.00909697309917584;0.0341136491219094;0.0029565162572321485;0.00022742432747939603;0.0;2.5044257024167867e-08
(43.373286, -5.831571, 193.3205420728773);(43.373025, -5.831681, 193.1859009461477);1016.007290005684;1023.00878405571;5.125411174846498;5.110569065471853;42.9424968401591;0.10735624210039775;0.0;0.0;0.0005605453673083792;0.002102045127406422;0.00018217724437522324;1.401363418270948e-05;0.0;2.9212583630406168e-08
(43.373025, -5.831681, 193.1859009461477);(43.372751, -5.831785, 191.9783073095605);1023.00878405571;1028.004478096962;5.110569065471853;5.915752366213183;-1755.1388389039726;-4.3878470972599315;0.0;0.0;0.0;0.0;0.0;0.0;0.0;0.0
(43.372751, -5.831785, 191.9783073095605);(43.372456, -5.831932, 191.5818977896124);1028.004478096962;1045.007348060608;5.915752366213183;1.099404247376775;-5239.160358940142;-13.097900897350355;0.0;0.0;0.0;0.0;0.0;0.0;0.0;0.0
(43.372456, -5.831932, 191.5818977896124);(43.372237, -5.832093, 191.2335900804028);1045.007348060608;1052.009658098221;1.099404247376775;5.115532079678924;42.94750156402727;0.10736875391006817;0.0;0.0;0.004818839456924435;0.01807064796346663;0.0015661228235004413;0.00012047098642311088;0.0;2.921598889453018e-08
(43.372237, -5.832093, 191.2335900804028);(43.371926, -5.83225, 190.0066037187353);1052.009658098221;1059.007172107697;5.115532079678924;4.918028849647881;-4726.621613508544;-11.81655403377136;0.0;0.0;0.0;0.0;0.0;0.0;0.0;0.0
(43.371926, -5.83225, 190.0066037187353);(43.371674, -5.832278, 188.7828553766012);1059.007172107697;1063.00615799427;4.918028849647881;8.282156476383133;24.527113437648403;0.06131778359412101;0.0;0.0;0.008139616758438472;0.03052356284414427;0.0026453754464925033;0.0002034904189609618;0.0;1.6685112105629213e-08
(43.371674, -5.832278, 188.7828553766012);(43.371413, -5.832452, 188.7756261769682);1063.00615799427;1067.006334066391;8.282156476383133;6.730619373793531;-4607.002973955667;-11.517507434889167;0.0;0.0;0.0;0.0;0.0;0.0;0.0;0.0
(43.371413, -5.832452, 188.7756261769682);(43.371111, -5.832566, 189.2309454549104);1067.006334066391;1088.004973053932;6.730619373793531;3.517069757431138;128.79165245691794;0.32197913114229487;0.0;0.0;0.00029162617249566165;0.0010935981468587312;9.477850606109003e-05;7.290654312391542e-06;0.0;8.761337492648143e-08
(43.371111, -5.832566, 189.2309454549104);(43.370906, -5.832703, 188.6251385547221);1088.004973053932;1093.004902005196;3.517069757431138;5.067823369083174;30.66623090108654;0.07666557725271635;0.0;0.0;0.002002142560928553;0.007508034603482073;0.0006506963323017797;5.0053564023213825e-05;0.0;2.0861383452578747e-08
(43.370906, -5.832703, 188.6251385547221);(43.370722, -5.832906, 188.1653859419748);1093.004902005196;1098.004976034164;5.067823369083174;4.960776961026;-1201.7184644948745;-3.0042961612371863;0.0;0.0;0.0;0.0;0.0;0.0;0.0;0.0
(43.370722, -5.832906, 188.1653859419748);(43.370494, -5.832919, 187.4563216241077);1098.004976034164;1102.005792021751;4.960776961026;5.355232205909777;-928.712959470799;-2.3217823986769974;0.0;0.0;0.0;0.0;0.0;0.0;0.0;0.0
(43.370494, -5.832919, 187.4563216241077);(43.370193, -5.83306, 185.7257969388738);1102.005792021751;1122.003841042519;5.355232205909777;4.592855646440132;-7475.621898678525;-18.689054746696314;0.0;0.0;0.0;0.0;0.0;0.0;0.0;0.0
(43.370193, -5.83306, 185.7257969388738);(43.369882, -5.833277, 186.3084280453622);1122.003841042519;1128.006998062134;4.592855646440132;6.473765883325973;36.819363053638334;0.09204840763409583;0.0;0.0;0.008116228525831496;0.03043585697186811;0.0026377742708952366;0.0002029057131457874;0.0;2.5047189127225993e-08
(43.369882, -5.833277, 186.3084280453622);(43.369755, -5.833542, 186.0880654817447);1128.006998062134;1131.002864003181;6.473765883325973;7.13736949205592;18.374644438421516;0.04593661109605379;0.0;0.0;0.0046833956800320315;0.017562733800120117;0.0015221035960104102;0.00011708489200080078;0.0;1.2499759906035024e-08
(43.369755, -5.833542, 186.0880654817447);(43.369715, -5.833893, 186.198224647902);1131.002864003181;1135.003411054611;7.13736949205592;6.033107295487798;-1925.451643778208;-4.81362910944552;0.0;0.0;0.0;0.0;0.0;0.0;0.0;0.0
(43.369715, -5.833893, 186.198224647902);(43.369713, -5.834315, 187.3293309854344);1135.003411054611;1140.00303208828;6.033107295487798;7.931628846769873;30.66434233983637;0.07666085584959093;0.0;0.0;0.012350443670080015;0.04631416376280006;0.004013894192776005;0.0003087610917520004;0.0;2.086010001472497e-08
(43.369713, -5.834315, 187.3293309854344);(43.369705, -5.834697, 187.6917606573552);1140.00303208828;1143.003009080887;7.931628846769873;8.872647673992416;18.399858887990316;0.04599964721997579;0.0;0.0;0.012437521656743158;0.04664070621278684;0.004042194538441526;0.000310938041418579;0.0;1.251691280794868e-08
(43.369705, -5.834697, 187.6917606573552);(43.369672, -5.835176, 188.0612430749461);1143.003009080887;1147.007230043411;8.872647673992416;8.234585752805293;24.559221903480285;0.061398054758700714;0.0;0.0;0.0010350706415245352;0.003881514905717007;0.0003363979584954739;2.587676603811338e-05;0.0;1.6706956448662898e-08
(43.369672, -5.835176, 188.0612430749461);(43.36956, -5.835565, 188.3011011490598);1147.007230043411;1151.007377028465;8.234585752805293;7.436030005722281;-321.81446775648953;-0.8045361693912239;0.0;0.0;0.0;0.0;0.0;0.0;0.0;0.0
(43.36956, -5.835565, 188.3011011490598);(43.369665, -5.835925, 188.0262837782502);1151.007377028465;1155.00303709507;7.436030005722281;8.084348636897909;24.50671507517776;0.0612667876879444;0.0;0.0;0.00328274350161164;0.012310288131043649;0.001066891638023783;8.206858754029101e-05;0.0;1.667123803140195e-08
(43.369665, -5.835925, 188.0262837782502);(43.369913, -5.836188, 187.4839030914009);1155.00303709507;1159.007117033005;8.084348636897909;8.631994281469357;24.55835695266724;0.0613958923816681;0.0;0.0;0.0018858834299730998;0.007072062862399123;0.0006129121147412574;4.714708574932748e-05;0.0;1.6706368685580248e-08
(43.369913, -5.836188, 187.4839030914009);(43.37011, -5.836339, 187.688880992122);1159.007117033005;1164.002996087074;8.631994281469357;2.894262039430254;-12340.52603718495;-30.851315092962377;0.0;0.0;0.0;0.0;0.0;0.0;0.0;0.0
(43.37011, -5.836339, 187.688880992122);(43.370338, -5.83638, 188.223128519021);1164.002996087074;1200.001852035522;2.894262039430254;3.578500164983059;220.79298315048078;0.5519824578762019;0.0;0.0;0.000511673639929374;0.0019187761497351523;0.00016629393297704653;1.2791840998234349e-05;0.0;1.5019933455131233e-07
(43.370338, -5.83638, 188.223128519021);(43.370579, -5.836316, 189.187791062519);1200.001852035522;1205.002454996109;3.578500164983059;2.69693339157085;30.670364824933618;0.07667591206233404;0.0;0.0;0.0032793779882521125;0.01229766745594542;0.0010657978461819366;8.19844497063028e-05;0.0;2.0864198167534674e-08
(43.370579, -5.836316, 189.187791062519);(43.37074, -5.836589, 188.2010134141892);1205.002454996109;1215.006555080414;2.69693339157085;1.42894143357933;-5344.4649944299;-13.36116248607475;0.0;0.0;0.0;0.0;0.0;0.0;0.0;0.0
(43.37074, -5.836589, 188.2010134141892);(43.370755, -5.836985, 188.1456040246412);1215.006555080414;1250.002136111259;1.42894143357933;1.757212273590126;214.6395636558491;0.5365989091396227;0.0;0.0;0.00018597189016906219;0.0006973945881339832;6.0440864304945204e-05;4.649297254226554e-06;0.0;1.4601334517815682e-07
(43.370755, -5.836985, 188.1456040246412);(43.370804, -5.837418, 188.2429276350886);1250.002136111259;1260.00605905056;1.757212273590126;5.587748551671912;61.35739402771275;0.15339348506928188;0.0;0.0;0.004030109259035161;0.015112909721381856;0.0013097855091864273;0.00010075273147587904;0.0;4.1739735945895966e-08
(43.370804, -5.837418, 188.2429276350886);(43.370735, -5.837866, 189.6536457147449);1260.00605905056;1266.004575014114;5.587748551671912;6.292415068793336;36.79089790979742;0.09197724477449355;0.0;0.0;0.008187923478274108;0.030704713043527898;0.002661075130439085;0.00020469808695685267;0.0;2.5027829328034082e-08
(43.370735, -5.837866, 189.6536457147449);(43.370644, -5.838341, 190.3229339802638);1266.004575014114;1272.003598093987;6.292415068793336;7.99208997418519;36.79400822322132;0.0919850205580533;0.0;0.0;0.008220413726009014;0.030826551472533804;0.00267163446095293;0.0002055103431502254;0.0;2.5029945454093647e-08
(43.370644, -5.838341, 190.3229339802638);(43.370597, -5.838711, 190.5272214803845);1272.003598093987;1275.004276037216;7.99208997418519;8.581700888750241;18.40415805180449;0.046010395129511224;0.0;0.0;0.008466164762576613;0.0317481178596623;0.0027515035478373993;0.0002116541190644153;0.0;1.2519839454417555e-08
(43.370597, -5.838711, 190.5272214803845);(43.370564, -5.839176, 190.6460798233747);1275.004276037216;1279.004727005959;8.581700888750241;8.39202982206665;24.53609927495739;0.061340248187393476;0.0;0.0;0.002047926795478448;0.007679725483044181;0.0006655762085304957;5.11981698869612e-05;0.0;1.6691229492854138e-08
(43.370564, -5.839176, 190.6460798233747);(43.370527, -5.839679, 191.1775635369122);1279.004727005959;1283.002239108086;8.39202982206665;7.594200357479775;24.518074226379397;0.06129518556594849;0.0;0.0;0.000907432614054897;0.003402872302705864;0.00029491559956784153;2.2685815351372428e-05;0.0;1.66789676691792e-08
(43.370527, -5.839679, 191.1775635369122);(43.370492, -5.839984, 191.6319938581437);1283.002239108086;1287.001229047775;7.594200357479775;4.60515498590218;-5921.175073882147;-14.802937684705368;0.0;0.0;0.0;0.0;0.0;0.0;0.0;0.0
(43.370492, -5.839984, 191.6319938581437);(43.370464, -5.840361, 191.4583998527378);1287.001229047775;1341.001482009888;4.60515498590218;2.582635088831057;126.3442547560025;0.31586063689000626;0.0;0.0;1.0172597657100583e-05;3.814724121412719e-05;3.3060942385576895e-06;2.5431494142751456e-07;0.0;8.594848057697391e-08
(43.370464, -5.840361, 191.4583998527378);(43.370412, -5.840815, 192.3128602476791);1341.001482009888;1348.005084037781;2.582635088831057;7.283788474182137;42.95542577107747;0.10738856442769368;0.0;0.0;0.011811758508904483;0.044294094408391806;0.0038388215153939568;0.00029529396272261205;0.0;2.9221381490742716e-08
(43.370412, -5.840815, 192.3128602476791);(43.370326, -5.841228, 193.4012771965936);1348.005084037781;1352.000047087669;7.283788474182137;7.702448948628319;24.502440039312628;0.06125610009828157;0.0;0.0;0.010100034537157269;0.03787512951433975;0.003282511224576112;0.0002525008634289317;0.0;1.6668328667795623e-08
(43.370326, -5.841228, 193.4012771965936);(43.370216, -5.841603, 194.8216352015734);1352.000047087669;1356.001696109772;7.702448948628319;5.975061127002159;24.543447335565297;0.06135861833891324;0.0;0.0;0.0018481728513272467;0.006930648192477174;0.0006006561766813552;4.620432128318117e-05;0.0;1.6696224909556653e-08
(43.370216, -5.841603, 194.8216352015734);(43.370135, -5.841974, 193.4645069055259);1356.001696109772;1378.000246047974;5.975061127002159;0.5607701966517096;-9126.579549895876;-22.81644887473969;0.0;0.0;0.0;0.0;0.0;0.0;0.0;0.0
(43.370135, -5.841974, 193.4645069055259);(43.370031, -5.842258, 194.9109627865255);1378.000246047974;1384.004113078117;0.5607701966517096;6.461152094595546;36.82371778487601;0.09205929446219002;0.0;0.0;0.015548969309520185;0.05830863491070069;0.00505341502559406;0.0003887242327380046;0.0;2.5050152253716836e-08
(43.370031, -5.842258, 194.9109627865255);(43.369912, -5.842561, 196.7718031192198);1384.004113078117;1388.001605033875;6.461152094595546;8.021080808869502;24.517950661982713;0.06129487665495678;0.0;0.0;0.017836346092922086;0.06688629784845783;0.005796812480199678;0.00044590865232305214;0.0;1.6678880879463048e-08
(43.369912, -5.842561, 196.7718031192198);(43.369719, -5.842929, 198.6282907947898);1388.001605033875;1392.003716111183;8.021080808869502;8.361812852300105;24.546281274155564;0.06136570318538891;0.0;0.0;0.014120909126195258;0.05295340922323222;0.004589295466013459;0.00035302272815488137;0.0;1.66981535264199e-08
(43.369719, -5.842929, 198.6282907947898);(43.369572, -5.843169, 199.3674907907844);1392.003716111183;1395.004127025604;8.361812852300105;7.454075780839084;18.402520275115968;0.04600630068778992;0.0;0.0;0.0017813745590646859;0.006680154596492572;0.000578946731696023;4.453436397661715e-05;0.0;1.2518723602236528e-08
(43.369572, -5.843169, 199.3674907907844);(43.369358, -5.843453, 199.3086463715881);1395.004127025604;1399.001372098923;7.454075780839084;7.024366435616819;-258.6086799473641;-0.6465216998684103;0.0;0.0;0.0;0.0;0.0;0.0;0.0;0.0
(43.369358, -5.843453, 199.3086463715881);(43.369138, -5.843684, 198.7424810566008);1399.001372098923;1404.005110025406;7.024366435616819;4.251961327584018;-9901.626457695826;-24.754066144239562;0.0;0.0;0.0;0.0;0.0;0.0;0.0;0.0
(43.369138, -5.843684, 198.7424810566008);(43.368952, -5.843863, 200.5381246488541);1404.005110025406;1413.004773020744;4.251961327584018;0.1760647205967552;55.197933038072975;0.13799483259518244;0.0;0.0;0.002128031444135383;0.007980117915507684;0.0006916102193439993;5.320078610338456e-05;0.0;3.754962301224888e-08
(43.368952, -5.843863, 200.5381246488541);(43.368709, -5.844085, 200.6037318166345);1413.004773020744;1437.002952098846;0.1760647205967552;0.3530845096740524;147.1888316790249;0.36797207919756225;0.0;0.0;0.00037652671222792455;0.0014119751708547169;0.00012237118147407546;9.413167805698112e-06;0.0;1.0012848305213615e-07
(43.368709, -5.844085, 200.6037318166345);(43.368452, -5.844301, 199.7338861636817);1437.002952098846;1465.001262068748;0.3530845096740524;6.054032421042227;171.72296781539916;0.4293074195384979;0.0;0.0;0.0001309799684340433;0.0004911748816276624;4.256848974106408e-05;3.2744992108510827e-06;0.0;1.168183813161742e-07
(43.368452, -5.844301, 199.7338861636817);(43.368196, -5.84457, 200.6601441260427);1465.001262068748;1469.001029014587;6.054032421042227;8.359105854993192;24.53190393447876;0.0613297598361969;0.0;0.0;0.018696259468059185;0.07011097300522195;0.006076284327119237;0.0004674064867014797;0.0;1.6688375619888043e-08
(43.368196, -5.84457, 200.6601441260427);(43.367931, -5.844845, 201.2451272085309);1469.001029014587;1473.002620100975;8.359105854993192;8.774618228951573;24.54309199651361;0.06135772999128403;0.0;0.0;0.007658500471695374;0.028719376768857652;0.0024890126533009963;0.00019146251179238431;0.0;1.6695986667324784e-08
(43.367931, -5.844845, 201.2451272085309);(43.367666, -5.845072, 201.6842633336782);1473.002620100975;1477.000798106194;8.774618228951573;7.706781593975796;-531.1015638034361;-1.3277539095085902;0.0;0.0;0.0;0.0;0.0;0.0;0.0;2.1446798807218668e-07
(43.367666, -5.845072, 201.6842633336782);(43.367469, -5.845255, 201.1927936282009);1477.000798106194;1480.000544071198;7.706781593975796;6.65856017013487;-5705.512127112363;-14.263780317780906;0.0;0.0;0.0;0.0;0.0;0.0;0.0;0.0
(43.367469, -5.845255, 201.1927936282009);(43.367268, -5.845456, 201.2720259251073);1480.000544071198;1484.000860095024;6.65856017013487;4.947289745931098;-4155.681832308836;-10.389204580772091;0.0;0.0;0.0;0.0;0.0;0.0;0.0;0.0
(43.367268, -5.845456, 201.2720259251073);(43.367003, -5.845692, 201.928569143638);1484.000860095024;1579.999558091164;4.947289745931098;3.87444149156636;588.7920143763253;1.471980035940813;0.0;0.0;0.00022316059511500225;0.0008368522316812584;7.252719341237573e-05;5.579014877875056e-06;0.0;4.0053900721138306e-07
(43.367003, -5.845692, 201.928569143638);(43.366814, -5.845869, 203.0119795249775);1579.999558091164;1585.00144302845;3.87444149156636;6.019955472125216;30.678227615353656;0.07669556903838413;0.0;0.0;0.010723579432126939;0.04021342287047602;0.0034851633154412555;0.0002680894858031735;0.0;2.0869556025644444e-08
(43.366814, -5.845869, 203.0119795249775);(43.366566, -5.846085, 203.4450326515362);1585.00144302845;1588.999507069588;6.019955472125216;6.705613714162478;24.52145945231259;0.06130364863078148;0.0;0.0;0.007414173533448128;0.027803150750430477;0.0024096063983706415;0.0001853543383362032;0.0;1.668127580146006e-08
(43.366566, -5.846085, 203.4450326515362);(43.366283, -5.846278, 205.803621689789);1588.999507069588;1594.998538017273;6.705613714162478;3.958710346939411;36.79405647913475;0.09198514119783688;0.0;0.0;0.003943888673074265;0.014789582524028495;0.0012817638187491364;9.859721682685665e-05;0.0;2.5029986922788793e-08
(43.366283, -5.846278, 205.803621689789);(43.366038, -5.846334, 207.8322619842365);1594.998538017273;1604.001117110252;3.958710346939411;0.3145228691887849;55.215818436937724;0.1380395460923443;0.0;0.0;0.002809355726186398;0.01053508397319899;0.0009130406110105792;7.023389315465995e-05;0.0;3.756180655310952e-08
(43.366038, -5.846334, 207.8322619842365);(43.365719, -5.846301, 210.2822399493307);1604.001117110252;1623.00223505497;0.3145228691887849;5.582008906503558;116.54019006093762;0.291350475152344;0.0;0.0;0.0043619054175248395;0.01635714531571815;0.001417619260695573;0.000109047635438121;0.0;7.927909623068292e-08
(43.365719, -5.846301, 210.2822399493307);(43.365489, -5.846262, 211.441519068554);1623.00223505497;1628.002114057541;5.582008906503558;4.835467626741291;30.66592454910139;0.07666481137275348;0.0;0.0;0.004527283228053382;0.01697731210520018;0.0014713670491173492;0.00011318208070133455;0.0;2.0861188176818738e-08
(43.365489, -5.846262, 211.441519068554);(43.36522, -5.846315, 213.1325316820294);1628.002114057541;1633.001618027687;4.835467626741291;6.475105676161356;30.6636243502299;0.07665906087557475;0.0;0.0;0.013153962074838446;0.04932735778064417;0.004275037674322495;0.0003288490518709611;0.0;2.085962359927862e-08
(43.36522, -5.846315, 213.1325316820294);(43.365036, -5.846571, 214.4792048847303);1633.001618027687;1637.001615047455;6.475105676161356;6.99316470850551;24.533315054577;0.061333287636442496;0.0;0.0;0.011164818743184526;0.04186807028694197;0.003628566091534971;0.0002791204685796131;0.0;1.6689342261599907e-08
(43.365036, -5.846571, 214.4792048847303);(43.364808, -5.846866, 212.6821167990565);1637.001615047455;1651.999333024025;6.99316470850551;0.490400135987782;-14896.850118297161;-37.2421252957429;0.0;0.0;0.0;0.0;0.0;0.0;0.0;0.0
(43.364808, -5.846866, 212.6821167990565);(43.364643, -5.847091, 215.1030042562634);1651.999333024025;1664.998383998871;0.490400135987782;4.660203424632307;79.72751264572283;0.19931878161430705;0.0;0.0;0.005874717860626903;0.022030191977350885;0.0019092833047037433;0.00014686794651567258;0.0;5.4236428593886405e-08
(43.364643, -5.847091, 215.1030042562634);(43.364454, -5.847294, 216.0360453631729);1664.998383998871;1669.002065062523;4.660203424632307;5.302296039318131;24.555910523731107;0.061389776309327765;0.0;0.0;0.008980052571556065;0.03367519714333524;0.002918517085755721;0.0002245013142889016;0.0;1.6704709121645085e-08
(43.364454, -5.847294, 216.0360453631729);(43.364181, -5.847487, 217.332142945379);1669.002065062523;1681.0014950037;5.302296039318131;1.381342738159745;73.59650363921979;0.18399125909804948;0.0;0.0;0.0009227166126776872;0.003460187297541327;0.0002998828991202483;2.3067915316942183e-05;0.0;5.0065673675684745e-08
(43.364181, -5.847487, 217.332142945379);(43.363926, -5.847476, 218.6007349602878);1681.0014950037;1693.001319050789;1.381342738159745;0.688594253320725;73.59892082214634;0.18399730205536585;0.0;0.0;0.0025129669662196886;0.009423626123323831;0.0008167142640213988;6.282417415549221e-05;0.0;5.006731908309803e-08
(43.363926, -5.847476, 218.6007349602878);(43.363927, -5.847166, 218.204096859321);1693.001319050789;1713.000071048737;0.688594253320725;1.544491155644874;-175.35041456559327;-0.43837603641398315;0.0;0.0;0.0;0.0;0.0;0.0;0.0;1.192860634642538e-07
(43.363927, -5.847166, 218.204096859321);(43.363731, -5.846848, 219.7358025657013);1713.000071048737;1722.998296022415;1.544491155644874;2.569337103343521;61.3224465052245;0.15330611626306123;0.0;0.0;0.004842770675460742;0.01816039003297778;0.001573900469524741;0.00012106926688651854;0.0;4.171597523585054e-08
(43.363731, -5.846848, 219.7358025657013);(43.363459, -5.846926, 221.3649143073708);1722.998296022415;1749.000795006752;2.569337103343521;3.575822307046005;159.48199377060075;0.3987049844265019;0.0;0.0;0.0017279739691877488;0.006479902384454057;0.0005615915399860183;4.319934922969371e-05;0.0;1.0849122130674497e-07
(43.363459, -5.846926, 221.3649143073708);(43.363257, -5.847062, 222.6561918305233);1749.000795006752;1754.997117996216;3.575822307046005;5.032205036603606;36.77744766871274;0.09194361917178184;0.0;0.0;0.007875230378599253;0.029532113919747197;0.0025594498730447572;0.0001968807594649813;0.0;2.50186885233461e-08
(43.363257, -5.847062, 222.6561918305233);(43.362911, -5.847185, 224.7454068437219);1754.997117996216;1760.998605012894;5.032205036603606;5.877683680726942;36.809120368957515;0.09202280092239379;0.0;0.0;0.01117358222511469;0.04190093334418008;0.0036314142231622737;0.0002793395556278672;0.0;2.5040234858456265e-08
(43.362911, -5.847185, 224.7454068437219);(43.362821, -5.847587, 225.5892891408876);1760.998605012894;1765.998714089394;5.877683680726942;6.184844556564695;30.667335669201023;0.07666833917300256;0.0;0.0;0.0062144205295460294;0.023304076985797607;0.0020196866721024593;0.00015536051323865072;0.0;2.0862147408754105e-08
(43.362821, -5.847587, 225.5892891408876);(43.362663, -5.847977, 225.4092950336635);1765.998714089394;1773.000481009483;6.184844556564695;5.178858641786229;-1613.2191080107045;-4.033047770026761;0.0;0.0;0.0;0.0;0.0;0.0;0.0;0.0
(43.362663, -5.847977, 225.4092950336635);(43.362514, -5.848228, 225.9302707761526);1773.000481009483;1776.997904062271;5.178858641786229;4.864756698825016;24.51752805709839;0.061293820142745974;0.0;0.0;0.0032057236818243064;0.012021463806841147;0.0010418601965928994;8.014309204560765e-05;0.0;1.667860357789171e-08
(43.362514, -5.848228, 225.9302707761526);(43.362306, -5.848538, 226.6264486452565);1776.997904062271;1785.00035405159;4.864756698825016;3.138712078690007;49.08169326782366;0.12270423316955915;0.0;0.0;0.000814652676868308;0.0030549475382561546;0.00026476211998220005;2.0366316921707696e-05;0.0;3.3388933490433225e-08
(43.362306, -5.848538, 226.6264486452565);(43.362414, -5.848838, 226.4438818069175);1785.00035405159;1790.000105023384;3.138712078690007;6.663900788107858;30.665139293670652;0.07666284823417663;0.0;0.0;0.008947991719994103;0.033554968949977886;0.0029080973089980833;0.00022369979299985255;0.0;2.0860655775625975e-08
(43.362414, -5.848838, 226.4438818069175);(43.362604, -5.84909, 226.6774514988065);1790.000105023384;1793.999821066856;6.663900788107858;6.863340024544902;24.531591733293926;0.061328979333234813;0.0;0.0;0.0038523090886242034;0.014446159082340763;0.001252000453802866;9.630772721560507e-05;0.0;1.6688171214696014e-08
(43.362604, -5.84909, 226.6774514988065);(43.362827, -5.849403, 226.6688586762175);1793.999821066856;1800.999604105949;6.863340024544902;2.650458752140571;-9083.22562546951;-22.708064063673774;0.0;0.0;0.0;0.0;0.0;0.0;0.0;0.0
(43.362827, -5.849403, 226.6688586762175);(43.363027, -5.849708, 226.5823750728741);1800.999604105949;1836.996089100838;2.650458752140571;4.056222917691262;220.7784413019858;0.5519461032549645;0.0;0.0;0.0002341644584194002;0.0008781167190727506;7.610344898630507e-05;5.854111460485004e-06;0.0;1.5018953344854441e-07
(43.363027, -5.849708, 226.5823750728741);(43.3632, -5.849952, 226.5599283091724);1836.996089100838;1841.994891047478;4.056222917691262;5.526706754755057;30.659318606058754;0.07664829651514689;0.0;0.0;0.004773487399440499;0.01790057774790187;0.0015513834048181622;0.00011933718498601247;0.0;2.0856696411897248e-08
(43.3632, -5.849952, 226.5599283091724);(43.363302, -5.850259, 226.9375431565568);1841.994891047478;1845.995800018311;5.526706754755057;7.09638433555456;24.53890835444272;0.0613472708861068;0.0;0.0;0.009638272474495911;0.03614352177935967;0.0031324385542111713;0.00024095681186239777;0.0;1.669314874485887e-08
(43.363302, -5.850259, 226.9375431565568);(43.363163, -5.850598, 229.0576404780149);1845.995800018311;1849.995371103287;7.09638433555456;9.108421877348563;24.530702654519274;0.061326756636298184;0.0;0.0;0.022261466321070046;0.08348049870401267;0.007234976554347765;0.0005565366580267512;0.0;1.6687566749737923e-08
(43.363163, -5.850598, 229.0576404780149);(43.362976, -5.850975, 231.3851359821856);1849.995371103287;1853.996813058853;9.108421877348563;7.352057258084138;24.54217732747117;0.06135544331867792;0.0;0.0;0.005955385167797505;0.022332694379240643;0.001935500179534189;0.0001488846291949376;0.0;1.6695372774506722e-08
(43.362976, -5.850975, 231.3851359821856);(43.362845, -5.851249, 232.4545096494257);1853.996813058853;1857.996996998787;7.352057258084138;4.295047817157434;-3578.701649828283;-8.946754124570708;0.0;0.0;0.0;0.0;0.0;0.0;0.0;0.0
(43.362845, -5.851249, 232.4545096494257);(43.362716, -5.851638, 233.7791410256177);1857.996996998787;1869.99549305439;4.295047817157434;5.154288178046338;73.59077580769856;0.1839769395192464;0.0;0.0;0.003522654209981615;0.013209953287431055;0.001144862618244025;8.806635524954036e-05;0.0;5.0061791287276946e-08
(43.362716, -5.851638, 233.7791410256177);(43.362611, -5.851929, 235.4049780871719);1869.99549305439;1873.999584078789;5.154288178046338;6.15921782534773;24.558424949647392;0.06139606237411848;0.0;0.0;0.014009386635530648;0.05253519988323993;0.004553050656547461;0.0003502346658882662;0.0;1.670642479453477e-08
(43.362611, -5.851929, 235.4049780871719);(43.362414, -5.852323, 237.0555538479239);1873.999584078789;1880.995637059212;6.15921782534773;2.323956676603916;-559.5655619581539;-1.3989139048953847;0.0;0.0;0.0;0.0;0.0;0.0;0.0;0.0
(43.362414, -5.852323, 237.0555538479239);(43.362236, -5.85271, 239.152516502887);1880.995637059212;1901.999340057373;2.323956676603916;6.476149578386715;128.8227117220547;0.3220567793051367;0.0;0.0;0.0033449166065078833;0.012543437274404561;0.0010870978971150621;8.362291516269708e-05;0.0;8.763457210444397e-08
(43.362236, -5.85271, 239.152516502887);(43.362115, -5.852991, 239.936214780435);1901.999340057373;1904.999201059341;6.476149578386715;8.580449921872058;18.399147478736634;0.04599786869684158;0.0;0.0;0.02159374676864754;0.08097655038242826;0.007017967699810449;0.0005398436692161885;0.0;1.251643773926503e-08
(43.362115, -5.852991, 239.936214780435);(43.361973, -5.85332, 242.1034853542224);1904.999201059341;1907.999184012413;8.580449921872058;9.248364929945549;18.399895445508566;0.045999738613771414;0.0;0.0;0.02341731188763564;0.08781491957863365;0.007610626363481583;0.0005854327971908909;0.0;1.251694662713021e-08
(43.361973, -5.85332, 242.1034853542224);(43.361885, -5.853651, 242.1293680854142);1907.999184012413;1910.999164104462;9.248364929945549;8.15046982597429;-3536.3770016743506;-8.840942504185877;0.0;0.0;0.0;0.0;0.0;0.0;0.0;0.0
(43.361885, -5.853651, 242.1293680854142);(43.361628, -5.853949, 242.8553336039186);1910.999164104462;1957.99723803997;8.15046982597429;3.885631103526351;288.254853471116;0.72063713367779;0.0;0.0;0.0003637351245770416;0.0013640067171639058;0.00011821391548753852;9.09337811442604e-06;0.0;1.9609190335434808e-07
(43.361628, -5.853949, 242.8553336039186);(43.36152, -5.854287, 244.6584088765085);1957.99723803997;1962.998598098755;3.885631103526351;7.049294425330149;30.675008360549025;0.07668752090137257;0.0;0.0;0.017611209559424912;0.06604203584784342;0.005723643106813096;0.0004402802389856228;0.0;2.0867371284367665e-08
(43.36152, -5.854287, 244.6584088765085);(43.3614, -5.854682, 245.1486098999158);1962.998598098755;1966.997125029564;7.049294425330149;8.103003633405624;24.5242985089606;0.0613107462724015;0.0;0.0;0.00988593395529209;0.03707225233234534;0.003212928535469929;0.00024714834888230227;0.0;1.6683211314661625e-08
(43.3614, -5.854682, 245.1486098999158);(43.361335, -5.855131, 244.9420181559399);1966.997125029564;1970.9935131073;8.103003633405624;8.750191116686999;24.51118021011492;0.0612779505252873;0.0;0.0;0.004561564348845672;0.01710586630817127;0.0014825084133748435;0.0001140391087211418;0.0;1.6674287411812354e-08
(43.361335, -5.855131, 244.9420181559399);(43.361301, -5.855495, 244.640794692561);1970.9935131073;1973.993818044662;8.750191116686999;8.51508148501291;-960.2701415127481;-2.40067535378187;0.0;0.0;0.0;0.0;0.0;0.0;0.0;0.0
(43.361301, -5.855495, 244.640794692561);(43.361262, -5.855842, 243.9194572400302);1973.993818044662;1977.160827994347;8.51508148501291;7.539449305527523;-6461.024807279967;-16.152562018199916;0.0;0.0;0.0;0.0;0.0;0.0;0.0;0.0
(43.361262, -5.855842, 243.9194572400302);(43.361226, -5.856194, 243.1067018918693);1977.160827994347;1980.9938570261;7.539449305527523;5.623680491727373;-9844.66226244249;-24.611655656106226;0.0;0.0;0.0;0.0;0.0;0.0;0.0;0.0
(43.361226, -5.856194, 243.1067018918693);(43.36119, -5.856503, 242.4301307247952);1980.9938570261;1984.995569109917;5.623680491727373;4.8142824559145;-4662.022654326371;-11.655056635815926;0.0;0.0;0.0;0.0;0.0;0.0;0.0;0.0
(43.36119, -5.856503, 242.4301307247952);(43.361303, -5.856905, 242.2513870168477);1984.995569109917;1990.998337030411;4.8142824559145;5.404709037668823;36.81697657903035;0.09204244144757588;0.0;0.0;0.0019650721316471077;0.007369020493676653;0.0006386484427853101;4.912680329117769e-05;0.0;2.5045586785144755e-08
(43.361303, -5.856905, 242.2513870168477);(43.361297, -5.857224, 242.3532238816842);1990.998337030411;1994.997533082962;5.404709037668823;5.905920818116493;24.528402455646393;0.06132100613911598;0.0;0.0;0.003867913770572039;0.014504676639645145;0.0012570719754359126;9.669784426430097e-05;0.0;1.668600452646274e-08
(43.361297, -5.857224, 242.3532238816842);(43.361069, -5.85749, 242.8611417878419);1994.997533082962;2007.994992017746;5.905920818116493;3.189608061211852;79.71774813334147;0.19929437033335368;0.0;0.0;0.0002470396806181299;0.0009263988023179873;8.028789620089222e-05;6.175992015453248e-06;0.0;5.422981495120401e-08
(43.361069, -5.85749, 242.8611417878419);(43.360968, -5.857871, 242.868025447242);2007.994992017746;2018.993428111076;3.189608061211852;0.1243668582306521;-2988.4677851211927;-7.471169462802981;0.0;0.0;0.0;0.0;0.0;0.0;0.0;0.0
(43.360968, -5.857871, 242.868025447242);(43.360946, -5.858334, 243.0099597806111);2018.993428111076;2043.993727087975;0.1243668582306521;5.663866360501364;153.33516705831448;0.38333791764578623;0.0;0.0;0.0011986691513878234;0.004495009317704337;0.00038956747420104253;2.9966728784695583e-05;0.0;1.0430974831597459e-07
(43.360946, -5.858334, 243.0099597806111);(43.36088, -5.858778, 243.1325131170452);2043.993727087975;2045.993737101555;5.663866360501364;9.268541483895593;12.266728083291248;0.03066682020822812;0.0;0.0;0.07939715336303681;0.29773932511138795;0.02580407484298696;0.0019849288340759203;0.0;8.344722050234547e-09
(43.36088, -5.858778, 243.1325131170452);(43.360825, -5.859161, 243.4581402922049);2045.993737101555;2050.993713021278;9.268541483895593;9.73629808117879;30.666518974300015;0.07666629743575004;0.0;0.0;0.004394707396755149;0.016480152737831807;0.0014282799039454235;0.00010986768491887872;0.0;2.0861600333859088e-08
(43.360825, -5.859161, 243.4581402922049);(43.360765, -5.85962, 244.3066737186164);2050.993713021278;2053.993682026863;9.73629808117879;8.81761105129564;18.399809900922385;0.04599952475230596;0.0;0.0;0.0008678944271595379;0.0032546041018482667;0.0002820656888268498;2.169736067898845e-05;0.0;1.2516891252403184e-08
(43.360765, -5.85962, 244.3066737186164);(43.360706, -5.859981, 245.251243961975);2053.993682026863;2057.99361205101;8.81761105129564;6.987924433323939;-562.5536098727194;-1.4063840246817987;0.0;0.0;0.0;0.0;0.0;0.0;0.0;0.0
(43.360706, -5.859981, 245.251243961975);(43.360649, -5.860414, 244.5312581239268);2057.99361205101;2067.993454098701;6.987924433323939;2.349739527743286;-10186.633139651087;-25.466582849127718;0.0;0.0;0.0;0.0;0.0;0.0;0.0;0.0
(43.360649, -5.860414, 244.5312581239268);(43.360631, -5.860799, 245.4407700225711);2067.993454098701;2086.992709994316;2.349739527743286;5.02249041047431;116.52876949310581;0.29132192373276455;0.0;0.0;0.0019266887612004865;0.007225082854501824;0.000626173847390158;4.816721903001216e-05;0.0;7.927136536750368e-08
(43.360631, -5.860799, 245.4407700225711);(43.360559, -5.861169, 246.711752361618);2086.992709994316;2090.996987104416;5.02249041047431;7.253548586858591;24.559566275278726;0.06139891568819682;0.0;0.0;0.018329636679209713;0.06873613754703642;0.005957131920743156;0.00045824091698024277;0.0;1.670720801068152e-08
(43.360559, -5.861169, 246.711752361618);(43.360509, -5.861534, 248.2078223275021);2090.996987104416;2093.993176102638;7.253548586858591;8.99680232507891;18.376625855760963;0.04594156463940241;0.0;0.0;0.026345854274367645;0.09879695352887868;0.008562402639169485;0.0006586463568591911;0.0;1.2501121117907131e-08
(43.360509, -5.861534, 248.2078223275021);(43.360465, -5.861938, 249.9308119295165);2093.993176102638;2096.500039100647;8.99680232507891;10.116353561723;15.375426387789654;0.038438565969474134;0.0;0.0;0.031499683438557705;0.1181238128945914;0.010237397117531254;0.0007874920859639427;0.0;1.0459486412723134e-08
(43.360465, -5.861938, 249.9308119295165);(43.360408, -5.862371, 251.3657840900123);2096.500039100647;2100.078131079674;10.116353561723;10.2575400718005;21.94563080470046;0.05486407701175115;0.0;0.0;0.012279740074305347;0.04604902527864505;0.003990915524149238;0.0003069935018576337;0.0;1.4929018725619397e-08
(43.360408, -5.862371, 251.3657840900123);(43.360347, -5.862671, 251.7077306862921);2100.078131079674;2101.993157029152;10.2575400718005;10.46191237408981;11.745492490129859;0.02936373122532465;0.0;0.0;0.01058480116171209;0.03969300435642034;0.0034400603775564293;0.00026462002904280226;0.0;7.990140713710996e-09
(43.360347, -5.862671, 251.7077306862921);(43.360263, -5.863003, 252.0407258700579);2101.993157029152;2104.992781043053;10.46191237408981;9.40161483963048;-1731.731967694333;-4.329329919235833;0.0;0.0;0.0;0.0;0.0;0.0;0.0;0.0
(43.360263, -5.863003, 252.0407258700579);(43.360186, -5.863372, 253.0958670694381);2104.992781043053;2108.993134021759;9.40161483963048;6.884667052493521;-2923.33324895112;-7.3083331223778;0.0;0.0;0.0;0.0;0.0;0.0;0.0;0.0
(43.360186, -5.863372, 253.0958670694381);(43.36005, -5.863713, 255.21748754289);2108.993134021759;2129.991948008537;6.884667052493521;3.883349112358039;128.79272578557052;0.3219818144639263;0.0;0.0;0.0020647748073976914;0.007742905527741342;0.0006710518124042495;5.161937018494228e-05;0.0;8.76142077878228e-08
(43.36005, -5.863713, 255.21748754289);(43.359913, -5.864068, 256.1407227693126);2129.991948008537;2142.995635032654;3.883349112358039;0.0956789680301144;79.75594708125075;0.1993898677031269;0.0;0.0;0.0004770903463264632;0.001789088798724237;0.00015505436255610055;1.192725865816158e-05;0.0;5.4255815208108514e-08
(43.359913, -5.864068, 256.1407227693126);(43.359845, -5.864514, 257.8316951692104);2142.995635032654;2176.996200084686;0.0956789680301144;4.642768878167301;208.53679898579637;0.521341997464491;0.0;0.0;0.0016439823140699894;0.00616493367776246;0.0005342942520727465;4.109955785174974e-05;0.0;1.4186195406182377e-07
(43.359845, -5.864514, 257.8316951692104);(43.359729, -5.86479, 258.1635366864502);2176.996200084686;2180.995995044708;4.642768878167301;6.745536659287233;24.532075754801433;0.06133018938700358;0.0;0.0;0.010858887295564277;0.04072082735836604;0.00352913837105839;0.0002714721823891069;0.0;1.6688509355873293e-08
(43.359729, -5.86479, 258.1635366864502);(43.359598, -5.865143, 260.3066204730421);2180.995995044708;2184.995800018311;6.745536659287233;8.105106638126031;24.53213717143299;0.06133034292858247;0.0;0.0;0.019640091473268163;0.07365034302475561;0.006383029728812152;0.000491002286831704;0.0;1.6688551254209947e-08
(43.359598, -5.865143, 260.3066204730421);(43.359477, -5.865541, 262.1100420411676);2184.995800018311;2188.995584011078;8.105106638126031;8.7996905971022;24.53200848897019;0.06133002122242548;0.0;0.0;0.015378749683300856;0.05767031131237821;0.004998093647072778;0.0003844687420825214;0.0;1.6688463833247624e-08
(43.359477, -5.865541, 262.1100420411676);(43.359358, -5.865933, 263.216440172866);2188.995584011078;2192.995463013649;8.7996905971022;8.745105048124229;24.53259121576945;0.061331478039423626;0.0;0.0;0.007962163656305627;0.029858113711146106;0.002587703188299329;0.0001990540914076407;0.0;1.668886036488478e-08
(43.359358, -5.865933, 263.216440172866);(43.359233, -5.866344, 264.0570095293224);2192.995463013649;2196.995105028152;8.745105048124229;9.782016504928132;24.531137688951883;0.06132784422237971;0.0;0.0;0.01212315788037699;0.04546184205141371;0.003940026311122522;0.0003030789470094248;0.0;1.6687871688105815e-08
(43.359233, -5.866344, 264.0570095293224);(43.359134, -5.866682, 265.2617317400873);2196.995105028152;2199.995514035225;9.782016504928132;9.998362556942055;18.402508576713807;0.04600627144178451;0.0;0.0;0.012928672526362353;0.04848252197385882;0.004201818571067765;0.00032321681315905884;0.0;1.2518730589003249e-08
(43.359134, -5.866682, 265.2617317400873);(43.359055, -5.867041, 266.3772727837786);2199.995514035225;2202.995453000069;9.998362556942055;10.06107582088077;18.399625651044456;0.04599906412761114;0.0;0.0;0.01127242638829564;0.042271598956108644;0.0036635385761960826;0.000281810659707391;0.0;1.2516769478925956e-08
(43.359055, -5.867041, 266.3772727837786);(43.358918, -5.867503, 267.7990322643891);2202.995453000069;2206.999566078186;10.06107582088077;9.97954499110372;24.558560212450416;0.06139640053112604;0.0;0.0;0.009970559347674853;0.0373895975537807;0.0032404317879943276;0.00024926398369187134;0.0;1.6706526787591732e-08
(43.358918, -5.867503, 267.7990322643891);(43.358815, -5.867846, 269.0085004521534);2206.999566078186;2209.994764089584;9.97954499110372;9.768617956183224;18.37054780324021;0.04592636950810053;0.0;0.0;0.009884826121831376;0.037068097956867656;0.003212568489595197;0.00024712065304578437;0.0;1.2496988757770091e-08
(43.358815, -5.867846, 269.0085004521534);(43.358692, -5.86825, 271.6134283570573);2209.994764089584;2213.99419605732;9.768617956183224;7.235131539820299;24.52984940211536;0.0613246235052884;0.0;0.0;0.003908407126274156;0.014656526723528084;0.0012702323160391008;9.77101781568539e-05;0.0;1.6686995803828117e-08
(43.358692, -5.86825, 271.6134283570573);(43.358513, -5.86866, 275.562148462981);2213.99419605732;2236.993091106415;7.235131539820299;6.396301734758819;141.0598896344475;0.3526497240861188;0.0;0.0;0.003971958418863863;0.014894844070739488;0.0012908864861307556;9.929896047159658e-05;0.0;9.59592455757748e-08
(43.358513, -5.86866, 275.562148462981);(43.358404, -5.869024, 277.38280101493);2236.993091106415;2240.992915034294;6.396301734758819;8.759425280331278;24.53225342432658;0.06133063356081645;0.0;0.0;0.022302933927360925;0.08363600222760346;0.0072484535263923;0.0005575733481840231;0.0;1.6688631993654704e-08
(43.358404, -5.869024, 277.38280101493);(43.358301, -5.86938, 279.2574544213712);2240.992915034294;2243.9924710989;8.759425280331278;10.39392856590707;18.397277196248375;0.045993192990620935;0.0;0.0;0.028801664340214764;0.10800624127580537;0.009360540910569799;0.0007200416085053691;0.0;1.2515172797454473e-08
(43.358301, -5.86938, 279.2574544213712);(43.35819, -5.869759, 281.5170174054801);2243.9924710989;2246.991621017456;10.39392856590707;11.32787117898584;18.394786167144776;0.04598696541786194;0.0;0.0;0.02700642139650162;0.10127408023688107;0.008777086953863027;0.0006751605349125405;0.0;1.2513478283864287e-08
(43.35819, -5.869759, 281.5170174054801);(43.358091, -5.870037, 283.0281986324117);2246.991621017456;2248.991480112076;11.32787117898584;11.21887947394836;12.26580244700114;0.030664506117502852;0.0;0.0;0.018405631140069118;0.0690211167752592;0.005981830120522464;0.000460140778501728;0.0;8.3440955409723e-09
(43.358091, -5.870037, 283.0281986324117);(43.357952, -5.870516, 284.851989582181);2248.991480112076;2252.99149107933;11.21887947394836;7.837826744832115;-6388.911154973137;-15.972277887432842;0.0;0.0;0.0;0.0;0.0;0.0;0.0;0.0
(43.357952, -5.870516, 284.851989582181);(43.357638, -5.870823, 286.6088291537017);2252.99149107933;2262.994086027145;7.837826744832115;1.427656106930579;-2980.0715110420874;-7.450178777605219;0.0;0.0;0.0;0.0;0.0;0.0;0.0;0.0
(43.357638, -5.870823, 286.6088291537017);(43.357356, -5.870708, 289.5797064192593);2262.994086027145;2287.991052031517;1.427656106930579;4.95243762324596;153.31472482681554;0.38328681206703885;0.0;0.0;0.0032681665592916953;0.012255624597343856;0.001062154131769801;8.170416398229237e-05;0.0;1.0429582251158345e-07
(43.357356, -5.870708, 289.5797064192593);(43.357216, -5.871023, 290.51973410137);2287.991052031517;2290.991013050079;4.95243762324596;8.19018658727175;18.399760913846087;0.045999402284615215;0.0;0.0;0.03309898603707182;0.12412119763901934;0.010757170462048342;0.0008274746509267957;0.0;1.2516855431196441e-08
(43.357216, -5.871023, 290.51973410137);(43.357108, -5.871406, 292.1677432060242);2290.991013050079;2294.99092400074;8.19018658727175;10.25775189395712;24.53278716405512;0.0613319679101378;0.0;0.0;0.020665681861239633;0.07749630697964863;0.006716346604902881;0.0005166420465309907;0.0;1.6688985992582655e-08
(43.357108, -5.871406, 292.1677432060242);(43.356988, -5.871783, 293.3875760603696);2294.99092400074;2297.993462085724;10.25775189395712;9.779507893689138;18.41556692123413;0.046038917303085326;0.0;0.0;0.007881809371796169;0.029556785144235636;0.002561588045833755;0.00019704523429490422;0.0;1.2527607982188253e-08
(43.356988, -5.871783, 293.3875760603696);(43.356894, -5.872158, 293.4625620804727);2297.993462085724;2300.993286013603;9.779507893689138;8.551715772949166;-4432.242868131493;-11.080607170328733;0.0;0.0;0.0;0.0;0.0;0.0;0.0;0.0
(43.356894, -5.872158, 293.4625620804727);(43.356781, -5.872517, 293.9544434165582);2300.993286013603;2304.992916107178;8.551715772949166;6.368215529766339;-4589.411731215762;-11.473529328039406;0.0;0.0;0.0;0.0;0.0;0.0;0.0;0.0
(43.356781, -5.872517, 293.9544434165582);(43.356655, -5.872905, 295.3746554898098);2304.992916107178;2311.992759108543;6.368215529766339;3.608914810820793;42.93237040837048;0.1073309260209262;0.0;0.0;0.001241902218602973;0.004657133319761149;0.00040361822104596626;3.104755546507432e-05;0.0;2.9205717100021882e-08
(43.356655, -5.872905, 295.3746554898098);(43.35651, -5.873291, 297.9574065124616);2311.992759108543;2327.991912007332;3.608914810820793;0.9862926945830546;98.12813777923863;0.24532034444809658;0.0;0.0;0.0031850987757824057;0.011944120409184019;0.0010351571021292817;7.962746939456013e-05;0.0;6.675388902730598e-08
(43.35651, -5.873291, 297.9574065124616);(43.356411, -5.873578, 298.0756639586762);2327.991912007332;2336.990718007088;0.9862926945830546;4.099034173971539;55.192676798505396;0.13798169199626348;0.0;0.0;0.0031172728872756123;0.011689773327283546;0.001013113688364574;7.79318221818903e-05;0.0;3.7546069731841194e-08
(43.356411, -5.873578, 298.0756639586762);(43.356151, -5.873534, 301.2208559606224);2336.990718007088;2342.990495085716;4.099034173971539;5.432810713054284;36.798632748916134;0.09199658187229033;0.0;0.0;0.014783739789090167;0.055439024209088125;0.004804715431454304;0.00036959349472725416;0.0;2.503310456622406e-08
(43.356151, -5.873534, 301.2208559606224);(43.355914, -5.873396, 304.0165612027049);2342.990495085716;2346.990418076515;5.432810713054284;6.536475567574452;24.53286101023635;0.06133215252559087;0.0;0.0;0.02113422205609296;0.07925333271034861;0.006868622168230213;0.0005283555514023241;0.0;1.6689035285821775e-08
(43.355914, -5.873396, 304.0165612027049);(43.355661, -5.873228, 307.1184452353045);2346.990418076515;2350.995274066925;6.536475567574452;7.692813096614943;24.56311674118042;0.061407791852951046;0.0;0.0;0.02358383542525569;0.08843938284470883;0.0076647465132080985;0.0005895958856313922;0.0;1.670961755171637e-08
(43.355661, -5.873228, 307.1184452353045);(43.35539, -5.873043, 310.6999647244811);2350.995274066925;2354.997687101364;7.692813096614943;8.680507113308687;24.54813327789307;0.061370333194732674;0.0;0.0;0.025967874388648296;0.09737952895743111;0.008439559176310696;0.0006491968597162074;0.0;1.6699424829198505e-08
(43.35539, -5.873043, 310.6999647244811);(43.355092, -5.872873, 314.7629085453227);2354.997687101364;2358.998028039932;8.680507113308687;8.136241180921617;24.535424423214984;0.06133856105803746;0.0;0.0;0.021417841935140715;0.08031690725677768;0.006960798628920731;0.0005354460483785178;0.0;1.6690779460712214e-08
(43.355092, -5.872873, 314.7629085453227);(43.354882, -5.872735, 317.1305463509634);2358.998028039932;2363.996990084648;8.136241180921617;3.652095846883465;30.660300540926862;0.07665075135231715;0.0;0.0;0.00117598913703628;0.004409959263886051;0.0003821964695367911;2.9399728425907003e-05;0.0;2.0857365651446948e-08
(43.354882, -5.872735, 317.1305463509634);(43.354682, -5.872592, 319.167400139384);2363.996990084648;2374.996474027634;3.652095846883465;5.489478129418075;67.46350151698074;0.16865875379245185;0.0;0.0;0.005371721056629146;0.0201439539623593;0.0017458093434044727;0.00013429302641572866;0.0;4.5893579462206916e-08
