start;end;start_speed;end_speed;Wh;L/h;L/km;NOx;CO;HC;PM;CO2
(43.391264, -5.801079, 173.2862721503871);(43.391468, -5.801223, 174.6766786202788);0.0;7.926541108361901;0.0;5.586592178770951e-06;0.002895274181145697;0.0016245572254612913;0.006092089595479842;0.0005279810982749197;4.061393063653228e-05;0.578576990926948
(43.391468, -5.801223, 174.6766786202788);(43.391768, -5.801411, 174.9100775970146);7.926541108361901;8.654749931790723;0.0;-0.007739744683967843;0.25633500541361953;-0.03078698440956098;-0.11545119153585366;-0.010005769933107318;-0.0007696746102390245;-557.5799626586925
(43.391768, -5.801411, 174.9100775970146);(43.392097, -5.801549, 175.4675523051992);8.654749931790723;10.14894731488593;0.0;-0.004977277581460116;0.32427556433046656;-0.01979850415736357;-0.07424439059011341;-0.006434513851143161;-0.0004949626039340894;-343.7648196354325
(43.392097, -5.801549, 175.4675523051992);(43.39219, -5.801838, 174.6787773203105);10.14894731488593;10.809047025855161;0.0;-0.00678289974732624;0.2915733238872197;-0.026980867883808827;-0.1011782545642831;-0.008768782062237869;-0.0006745216970952206;-699.6702730852802
(43.39219, -5.801838, 174.6787773203105);(43.392091, -5.802117, 174.6218505902216);10.809047025855161;12.47071688912636;0.0;-0.004166536345082792;0.45901544638946473;-0.016573555683773774;-0.06215083381415165;-0.005386405597226476;-0.00041433889209434435;-437.5601213887133
(43.392091, -5.802117, 174.6218505902216);(43.392029, -5.802437, 174.8956168377772);12.47071688912636;15.912383893488327;0.0;-0.003794532872137954;0.8113710019118181;-0.015093808535837638;-0.056601782009391144;-0.0049054877741472325;-0.00037734521339594096;-373.4270821085954
(43.392029, -5.802437, 174.8956168377772);(43.391929, -5.802772, 175.2724560108036);15.912383893488327;0.0;0.0;5.586592178770949e-06;-0.005051867771510476;0.23701016640726322;0.888788124027237;0.07702830408236055;0.005925254160181581;0.5028887314205158
(43.391929, -5.802772, 175.2724560108036);(43.391746, -5.80312, 175.396753099747);0.0;7.139483350411778;0.0;5.58659217877095e-06;0.0019123538933648466;0.000518736323475358;0.0019452612130325926;0.00016858930512949138;1.296840808688395e-05;0.42428400185500903
(43.391746, -5.80312, 175.396753099747);(43.391587, -5.803391, 173.9241051021963);7.139483350411778;5.858241817041996;0.0;5.58659217877095e-06;-0.00042332685622816505;0.01573512075742266;0.059006702840334976;0.005113914246162365;0.00039337801893556655;0.5233593532530957
(43.391587, -5.803391, 173.9241051021963);(43.391521, -5.803765, 173.1439117807895);5.858241817041996;6.404384750495783;0.0;-0.005653577925253939;-0.1650633423567312;-0.022488676636010112;-0.0843325373850379;-0.007308819906703286;-0.0005622169159002527;-478.73975524977925
(43.391521, -5.803765, 173.1439117807895);(43.391702, -5.803995, 173.5851919092238);6.404384750495783;8.128809925977377;0.0;-0.0004569965649045479;-0.04790732099643868;-0.0018178307803980904;-0.0068168654264928385;-0.0005907950036293794;-4.544576950995226e-05;-44.00608245421017
(43.391702, -5.803995, 173.5851919092238);(43.391608, -5.804345, 173.6545990938321);8.128809925977377;8.50360305113404;0.0;-0.008057020559615744;-0.16654441497220485;-0.03204903733713819;-0.12018389001426819;-0.01041593713456991;-0.0008012259334284547;-703.8719112195629
(43.391608, -5.804345, 173.6545990938321);(43.391336, -5.804537, 173.5430060308427);8.50360305113404;8.453468129759935;0.0;5.586592178770949e-06;-1.3734338121327624e-05;0.3321897838193538;1.2457116893225768;0.10796167974128999;0.008304744595483846;0.4339328952337785
(43.391336, -5.804537, 173.5430060308427);(43.391149, -5.804765, 173.5826874403283);8.453468129759935;8.591146651670698;0.0;-0.02265238453320138;-0.1869701094757039;-0.09010615180984549;-0.3378980692869206;-0.029284499338199786;-0.0022526537952461375;-2151.102795841116
(43.391149, -5.804765, 173.5826874403283);(43.390955, -5.80502, 172.4374161697924);8.591146651670698;7.1852384966851455;0.0;5.58659217877095e-06;-0.00043844320053242454;0.016491931993539648;0.06184474497577367;0.005359877897900384;0.00041229829983849113;0.49398250318172243
(43.390955, -5.80502, 172.4374161697924);(43.390719, -5.805261, 172.7348168874159);7.1852384966851455;8.440951547457692;0.0;-0.0015701689424311596;-0.10051881620036533;-0.006245783126559501;-0.02342168672459813;-0.002029879516131838;-0.0001561445781639875;-126.79792151831293
(43.390719, -5.805261, 172.7348168874159);(43.390506, -5.805509, 171.9668069882318);8.440951547457692;7.620214797648273;0.0;5.586592178770949e-06;-0.00024615931894813513;0.02457296900404382;0.09214863376516431;0.00798621492631424;0.0006143242251010955;0.47508090907880957
(43.390506, -5.805509, 171.9668069882318);(43.390301, -5.805754, 171.1944854445755);7.620214797648273;7.228731770468366;0.0;5.586592178770949e-06;-0.00012065001093782047;0.042968834547301896;0.16113312955238207;0.013964871227873113;0.0010742208636825472;0.4881683344031233
(43.390301, -5.805754, 171.1944854445755);(43.390094, -5.805994, 170.5229803230613);7.228731770468366;7.17355854445429;0.0;5.58659217877095e-06;-1.705744938451459e-05;0.2677073954683559;1.0039027330063348;0.08700490352721568;0.006692684886708899;0.4897121625293023
(43.390094, -5.805994, 170.5229803230613);(43.389893, -5.806235, 169.2917851209641);7.17355854445429;6.318257630787847;0.0;5.58659217877095e-06;-0.00026846064516799394;0.022025543912402124;0.08259578967150795;0.007158301771530691;0.000550638597810053;0.49718368722793366
(43.389893, -5.806235, 169.2917851209641);(43.389684, -5.806444, 168.7992813456804);6.318257630787847;6.9256435288064155;0.0;-0.004377177881824452;-0.1541832718117823;-0.01741144090770171;-0.06529290340388141;-0.005658718295003057;-0.0004352860226925428;-402.09412722057783
(43.389684, -5.806444, 168.7992813456804);(43.38949, -5.80665, 168.2228646520525);6.9256435288064155;7.060289804002942;0.0;-0.023019453192014153;-0.1894973473514388;-0.09156626936378964;-0.34337351011421113;-0.029759037543231632;-0.002289156734094741;-2229.276656681128
(43.38949, -5.80665, 168.2228646520525);(43.389303, -5.806833, 168.2199017191306);7.060289804002942;7.831259433860905;0.0;-0.0024975144002145865;-0.12573087032970778;-0.009934557280853578;-0.03725458980320091;-0.003228731116277413;-0.0002483639320213394;-258.3210685470816
(43.389303, -5.806833, 168.2199017191306);(43.388976, -5.8071, 167.9087474616244);7.831259433860905;8.111170541004705;0.0;-0.01662477467141514;-0.18342448250937585;-0.066129659248518;-0.24798622218194255;-0.021492139255768355;-0.0016532414812129503;-1037.9880357716127
(43.388976, -5.8071, 167.9087474616244);(43.388773, -5.807356, 167.1003944259137);8.111170541004705;7.419137003399877;0.0;5.58659217877095e-06;-0.00021028738725886224;0.027455741387839995;0.10295903020439996;0.008923115951047998;0.0006863935346959998;0.4813281485907481
(43.388773, -5.807356, 167.1003944259137);(43.388597, -5.807597, 166.6479760687798);7.419137003399877;7.495775391465474;0.0;-0.04200582743989009;-0.1941588331894527;-0.16708984692756282;-0.6265869259783605;-0.054304200251457914;-0.00417724617318907;-4012.9705169275203
(43.388597, -5.807597, 166.6479760687798);(43.38832, -5.807486, 166.8676801631227);7.495775391465474;8.454341438238698;0.0;-0.002432197625383982;-0.12119316207076487;-0.009674741665416283;-0.03628028124531107;-0.0031442910412602925;-0.0002418685416354071;-200.26785777183647
(43.38832, -5.807486, 166.8676801631227);(43.387998, -5.807692, 166.7433000151068);8.454341438238698;8.441010823002484;0.0;5.58659217877095e-06;-3.144172658879976e-06;1.4281977178920697;5.355741442095261;0.46416425831492264;0.03570494294730175;0.3736038737459114
(43.387998, -5.807692, 166.7433000151068);(43.387777, -5.807941, 167.5101149203256);8.441010823002484;9.392382526724536;0.0;-0.0022368509303670953;-0.11160786890925808;-0.00889769592301578;-0.03336635971130917;-0.002891751174980128;-0.00022244239807539447;-185.82312639804366
(43.387777, -5.807941, 167.5101149203256);(43.387537, -5.808199, 167.6010423181579);9.392382526724536;8.925304698055635;0.0;5.586592178770949e-06;-0.000128356226403481;0.04214622147770498;0.15804833054139364;0.013697521980254116;0.0010536555369426244;0.43529418470265224
(43.387537, -5.808199, 167.6010423181579);(43.387292, -5.808443, 167.2344970703125);8.925304698055635;8.28621088133298;0.0;5.58659217877095e-06;-0.00017688030295916175;0.03214991921544169;0.12056219705790634;0.010448723745018549;0.0008037479803860423;0.43839948463920164
(43.387292, -5.808443, 167.2344970703125);(43.387057, -5.808682, 167.5668138219044);8.28621088133298;8.877270867760371;0.0;-0.004910331535767189;-0.14880569816266673;-0.01953220766449615;-0.07324577874186056;-0.006347967490961249;-0.0004883051916124038;-398.78900839554603
(43.387057, -5.808682, 167.5668138219044);(43.386836, -5.808918, 166.8910588286817);8.877270867760371;7.911835365653738;0.0;5.58659217877095e-06;-0.00028884389388618756;0.02218338645598615;0.08318769920994806;0.007209600598195498;0.0005545846613996538;0.47390916008098793
(43.386836, -5.808918, 166.8910588286817);(43.386667625905886, -5.809118578890227, 166.01692263549194);7.911835365653738;7.146406551349152;0.0;5.586592178770951e-06;-0.0002876014167979816;0.021549711588347908;0.08081141845630464;0.007003656266213069;0.0005387427897086977;0.5951704922709139
(43.386667625905886, -5.809118578890227, 166.01692263549194);(43.386338, -5.809368, 165.1427864423022);7.146406551349152;0.0;0.0;-2.4449770982965163e-05;-0.19750048319774316;-9.725575568779475e-05;-0.00036470908382923024;-3.160812059853329e-05;-2.4313938921948684e-06;-1.5431611753883858
(43.386338, -5.809368, 165.1427864423022);(43.386037, -5.809432, 165.9132477268577);0.0;7.896909010463144;0.0;5.58659217877095e-06;0.0021727571843198263;0.0011015185608794576;0.004130694603297965;0.00035799353228582373;2.7537964021986435e-05;0.43582208879481105
(43.386037, -5.809432, 165.9132477268577);(43.38581, -5.809413, 166.0936301276088);7.896909010463144;10.127841059633724;0.0;5.586592178770949e-06;0.0008221166279703153;0.0017735534716882427;0.00665082551883091;0.0005764048782986789;4.4338836792206065e-05;0.5837168994856335
(43.38581, -5.809413, 166.0936301276088);(43.385562, -5.809665, 167.2776071568951);10.127841059633724;13.273300858363054;0.0;5.586592178770949e-06;0.0008539962979292014;0.004124635122621387;0.015467381709830199;0.0013405064148519507;0.00010311587806553466;0.43005799548489654
(43.385562, -5.809665, 167.2776071568951);(43.385734, -5.8099, 166.9423075132072);13.273300858363054;12.051048100578695;0.0;5.586592178770949e-06;0.00042185583846244726;0.00046453978674194484;0.0017420242002822934;0.00015097543069113206;1.1613494668548621e-05;0.5467115078028753
(43.385734, -5.8099, 166.9423075132072);(43.38593, -5.810172, 170.0917267818004);12.051048100578695;13.88888888888889;0.0;-0.002329000877671929;0.3783338297704255;-0.009264247935628342;-0.03474092975860628;-0.003010880579079211;-0.00023160619839070852;-198.4507655434247
(43.38593, -5.810172, 170.0917267818004);(43.386157, -5.810489, 172.4047704217955);13.88888888888889;14.349158315147653;0.0;-0.012251865581065504;0.26109125414424217;-0.04873519864468278;-0.18275699491756042;-0.015838939559521904;-0.0012183799661170693;-898.5357770254774
(43.386157, -5.810489, 172.4047704217955);(43.386363, -5.810775, 172.641068351455);14.349158315147653;13.88888888888889;0.0;5.58659217877095e-06;0.00018598969996925683;0.009008732384114584;0.03378274644042969;0.00292783802483724;0.0002252183096028646;0.45282077714932634
(43.386363, -5.810775, 172.641068351455);(43.386596, -5.811082, 172.4678992219269);13.88888888888889;13.88888888888889;0.0;nan;0.0;inf;inf;inf;inf;nan
(43.386596, -5.811082, 172.4678992219269);(43.386808, -5.811364, 170.9072809014469);13.88888888888889;13.88888888888889;0.0;nan;nan;-inf;-inf;-inf;-inf;nan
(43.386808, -5.811364, 170.9072809014469);(43.386987, -5.811597, 166.8477362757549);13.88888888888889;12.462839769302144;0.0;5.58659217877095e-06;-0.00048422098595676604;0.019557356107245686;0.07334008540217131;0.006356140734854848;0.0004889339026811421;0.5378538727879093
(43.386987, -5.811597, 166.8477362757549);(43.387318, -5.811726, 165.6864853594452);12.462839769302144;13.766475056465444;0.0;-0.0009008184224455921;-0.05119510355704095;-0.0035832555026169112;-0.013437208134813415;-0.0011645580383504962;-8.958138756542276e-05;-62.2053152694341
(43.387318, -5.811726, 165.6864853594452);(43.387417, -5.812029, 165.2718027997762);13.766475056465444;13.88888888888889;0.0;-1.4774530554315367e-06;-0.00010631153626689904;-5.876979931605446e-06;-2.2038674743520424e-05;-1.91001847777177e-06;-1.4692449829013616e-07;-0.14498660187704238
(43.387417, -5.812029, 165.2718027997762);(43.387238, -5.812246, 164.9991851206869);13.88888888888889;13.88888888888889;0.0;nan;0.0;inf;inf;inf;inf;nan
(43.387238, -5.812246, 164.9991851206869);(43.387011, -5.812222, 165.2327740006149);13.88888888888889;13.88888888888889;0.0;nan;0.0;inf;inf;inf;inf;nan
(43.387011, -5.812222, 165.2327740006149);(43.386751, -5.812463, 163.960872056894);13.88888888888889;13.88888888888889;0.0;nan;nan;-inf;-inf;-inf;-inf;nan
(43.386751, -5.812463, 163.960872056894);(43.386529, -5.812764, 162.6834325585514);13.88888888888889;13.88888888888889;0.0;nan;nan;-inf;-inf;-inf;-inf;nan
(43.386529, -5.812764, 162.6834325585514);(43.3864, -5.813127, 161.2784334989265);13.88888888888889;13.88888888888889;0.0;nan;nan;-inf;-inf;-inf;-inf;nan
(43.3864, -5.813127, 161.2784334989265);(43.386332, -5.813444, 160.098024437204);13.88888888888889;13.88888888888889;0.0;nan;nan;-inf;-inf;-inf;-inf;nan
(43.386332, -5.813444, 160.098024437204);(43.386283, -5.813754, 160.8203745000064);13.88888888888889;13.88888888888889;0.0;nan;0.0;inf;inf;inf;inf;nan
(43.386283, -5.813754, 160.8203745000064);(43.386225, -5.814185, 161.8891762774438);13.88888888888889;13.88888888888889;0.0;nan;0.0;inf;inf;inf;inf;nan
(43.386225, -5.814185, 161.8891762774438);(43.386084, -5.814585, 163.8573382431641);13.88888888888889;14.112021384172849;0.0;-0.022250567567843216;0.229862323823328;-0.08850781321430967;-0.3319042995536613;-0.028765039294650643;-0.002212695330357742;-1631.7745224548887
(43.386084, -5.814585, 163.8573382431641);(43.38602, -5.814959, 163.5932929646224);14.112021384172849;13.88888888888889;0.0;5.58659217877095e-06;0.0002362776816100319;0.0021792556185971225;0.00817220856973921;0.0007082580760440647;5.448139046492806e-05;0.47380978851442235
(43.38602, -5.814959, 163.5932929646224);(43.385945, -5.815304, 163.7770017310977);13.88888888888889;13.88888888888889;0.0;nan;0.0;inf;inf;inf;inf;nan
(43.385945, -5.815304, 163.7770017310977);(43.385862, -5.815735, 163.7671659169719);13.88888888888889;13.88888888888889;0.0;nan;0.0;inf;inf;inf;inf;nan
(43.385862, -5.815735, 163.7671659169719);(43.385786, -5.816079, 163.717212902382);13.88888888888889;13.88888888888889;0.0;nan;0.0;inf;inf;inf;inf;nan
(43.385786, -5.816079, 163.717212902382);(43.38574358801743, -5.816384265009034, 163.4767686920241);13.88888888888889;13.88888888888889;0.0;nan;0.0;inf;inf;inf;inf;nan
(43.38574358801743, -5.816384265009034, 163.4767686920241);(43.385656, -5.816837, 163.4400627920404);13.88888888888889;12.574112214850725;0.0;5.586592178770949e-06;0.0003225499713808992;0.00327086418775269;0.012265740704072589;0.0010630308610196243;8.177160469381726e-05;0.38859767195148764
(43.385656, -5.816837, 163.4400627920404);(43.385579, -5.817168, 163.8479943014681);12.574112214850725;13.88888888888889;0.0;5.58659217877095e-06;0.0007881613896169066;0.0027112859449679384;0.01016732229362977;0.00088116793211458;6.778214862419846e-05;0.5238931462231607
(43.385579, -5.817168, 163.8479943014681);(43.385467, -5.8175, 164.3009287565947);13.88888888888889;13.233875214716143;0.0;5.586592178770949e-06;0.00020576239436850962;0.010870181918244641;0.0407631821934174;0.0035328091234295084;0.000271754547956116;0.4975890512382941
(43.385467, -5.8175, 164.3009287565947);(43.385423, -5.817935, 164.7869412982836);13.233875214716143;13.88888888888889;0.0;-0.00016184513745557872;0.09425790474517436;-0.0006437839912121911;-0.0024141899670457163;-0.0002092297971439621;-1.6094599780304777e-05;-12.007002824175974
(43.385423, -5.817935, 164.7869412982836);(43.385657, -5.818181, 165.378382130526);13.88888888888889;13.88888888888889;0.0;nan;0.0;inf;inf;inf;inf;nan
(43.385657, -5.818181, 165.378382130526);(43.385872, -5.81839, 165.9714090870693);13.88888888888889;13.354503609810214;0.0;5.586592178770949e-06;0.00016992905341333425;0.0154003065525487;0.05775114957205762;0.005005099629578328;0.0003850076638137175;0.5036957999119839
(43.385872, -5.81839, 165.9714090870693);(43.386076, -5.818682, 165.4891535425559);13.354503609810214;11.80673182650304;0.0;5.58659217877095e-06;0.0004398487710076539;9.642804104901245e-05;0.0003616051539337967;3.133911334092905e-05;2.410701026225311e-06;0.4501441755110768
(43.386076, -5.818682, 165.4891535425559);(43.386178, -5.819067, 162.8771825768054);11.80673182650304;8.333333333333334;0.0;-0.0008545154842023044;-0.20954277034811547;-0.0033990727038269437;-0.012746522639351039;-0.0011046986287437568;-8.49768175956736e-05;-67.968900194383
(43.386178, -5.819067, 162.8771825768054);(43.386264, -5.819453, 163.6250267690048);8.333333333333334;8.333333333333334;0.0;nan;0.0;inf;inf;inf;inf;nan
(43.386264, -5.819453, 163.6250267690048);(43.386324471734845, -5.819999882771146, 164.353565803729);8.333333333333334;8.333333333333334;0.0;nan;0.0;inf;inf;inf;inf;nan
(43.386324471734845, -5.819999882771146, 164.353565803729);(43.386264, -5.820304, 163.1993382554501);8.333333333333334;4.760032731938297;0.0;-0.00045365031094794057;-0.10577728612936736;-0.0018045201257706972;-0.006766950471640115;-0.0005864690408754766;-4.5113003144267426e-05;-46.88976381206374
(43.386264, -5.820304, 163.1993382554501);(43.386174, -5.820606, 163.784192610532);4.760032731938297;8.333333333333334;0.0;5.586592178770949e-06;0.0013613207057593846;0.0018064147746332626;0.006774055404874734;0.0005870848017558104;4.516036936583156e-05;0.5579274323784018
(43.386174, -5.820606, 163.784192610532);(43.385942, -5.820979, 164.0474150041118);8.333333333333334;8.333333333333334;0.0;nan;0.0;inf;inf;inf;inf;nan
(43.385942, -5.820979, 164.0474150041118);(43.385682, -5.821245, 163.9046409958974);8.333333333333334;8.333333333333334;0.0;nan;0.0;inf;inf;inf;inf;nan
(43.385682, -5.821245, 163.9046409958974);(43.385376, -5.821448, 164.9122088178992);8.333333333333334;8.333333333333334;0.0;nan;0.0;inf;inf;inf;inf;nan
(43.385376, -5.821448, 164.9122088178992);(43.385152, -5.821513, 165.0115176131949);8.333333333333334;10.408404761855104;0.0;5.58659217877095e-06;0.0007595407211062071;0.0016125037099194623;0.006046888912197983;0.0005240637057238253;4.031259274798656e-05;0.5797932956405724
(43.385152, -5.821513, 165.0115176131949);(43.38488, -5.821572, 166.4234413160011);10.408404761855104;13.451274441261699;0.0;5.58659217877095e-06;0.000926034741918774;0.004712607669216574;0.017672278759562156;0.0015315974924953867;0.00011781519173041438;0.48205778943691124
(43.38488, -5.821572, 166.4234413160011);(43.38463248616602, -5.821483144283495, 167.1531824907288);13.451274441261699;13.88888888888889;0.0;-0.0016346766146333347;0.1336256181752211;-0.006502380311541488;-0.024383926168280577;-0.0021132736012509836;-0.00016255950778853718;-151.81788616663036
(43.38463248616602, -5.821483144283495, 167.1531824907288);(43.384333, -5.821324, 166.9522901056334);13.88888888888889;12.521626422067834;0.0;5.58659217877095e-06;0.0003567527898916774;0.001963411794622085;0.007362794229832818;0.0006381088332521776;4.908529486555212e-05;0.41330500390483904
(43.384333, -5.821324, 166.9522901056334);(43.384096, -5.821103, 167.3083207160234);12.521626422067834;13.88888888888889;0.0;5.586592178770949e-06;0.0007628415406290262;0.002465878998500547;0.009247046244377052;0.0008014106745126778;6.164697496251368e-05;0.4631608869483694
(43.384096, -5.821103, 167.3083207160234);(43.383912, -5.820808, 167.4893805589527);13.88888888888889;13.88888888888889;0.0;nan;0.0;inf;inf;inf;inf;nan
(43.383912, -5.820808, 167.4893805589527);(43.383771, -5.820446, 167.0662357714027);13.88888888888889;13.88888888888889;0.0;nan;0.0;inf;inf;inf;inf;nan
(43.383771, -5.820446, 167.0662357714027);(43.383682, -5.820098, 167.6946302223951);13.88888888888889;13.88888888888889;0.0;nan;0.0;inf;inf;inf;inf;nan
(43.383682, -5.820098, 167.6946302223951);(43.383685, -5.819663, 167.1036640899256);13.88888888888889;13.88888888888889;0.0;nan;nan;-inf;-inf;-inf;-inf;nan
(43.383685, -5.819663, 167.1036640899256);(43.383515, -5.819456, 167.1376055413857);13.88888888888889;13.88888888888889;0.0;nan;0.0;inf;inf;inf;inf;nan
(43.383515, -5.819456, 167.1376055413857);(43.383178, -5.819359, 167.1659710789099);13.88888888888889;12.606244814938938;0.0;5.58659217877095e-06;0.0003121704123452871;0.0037187210979267764;0.013945204117225411;0.0012085843568262024;9.29680274481694e-05;0.3855145345443931
(43.383178, -5.819359, 167.1659710789099);(43.382941, -5.819292, 167.4039720017463);12.606244814938938;11.789614674813372;0.0;5.58659217877095e-06;0.0002828243233119988;0.006043715634097334;0.022663933627865004;0.0019642075810816337;0.00015109289085243335;0.5485882850923557
(43.382941, -5.819292, 167.4039720017463);(43.38256674342976, -5.819190544574958, 168.1421691132709);11.789614674813372;13.88888888888889;0.0;5.58659217877095e-06;0.0008485543724348701;0.00271935713171551;0.010197589243933162;0.0008837910678075408;6.798392829288775e-05;0.3479679887850179
(43.38256674342976, -5.819190544574958, 168.1421691132709);(43.382316, -5.819153, 167.8361818837002);13.88888888888889;12.709910369659003;0.0;5.58659217877095e-06;0.0003917262137363929;0.0007696115085847424;0.002886043157192784;0.0002501237402900412;1.924028771461856e-05;0.5262982424512342
(43.382316, -5.819153, 167.8361818837002);(43.382038, -5.819072, 169.767480163835);12.709910369659003;13.88888888888889;0.0;-0.001623959138416564;0.24795640692730314;-0.006459748572812554;-0.02422405714804708;-0.0020994182861640803;-0.00016149371432031386;-135.7773800418885
(43.382038, -5.819072, 169.767480163835);(43.381739, -5.818988, 174.1634650779888);13.88888888888889;15.74076136156252;0.0;-0.00514602037839595;0.4683969540487441;-0.020469725505175004;-0.07676147064440626;-0.0066526607891818764;-0.0005117431376293751;-400.6435573514639
(43.381739, -5.818988, 174.1634650779888);(43.381474, -5.819031, 178.2745262859389);15.74076136156252;17.36046747619152;0.0;-0.005484878703791613;0.4994256363285363;-0.021817628621748863;-0.08181610733155825;-0.007090729302068381;-0.0005454407155437216;-488.4158927347188
(43.381474, -5.819031, 178.2745262859389);(43.381254, -5.819191, 180.8998061819002);17.36046747619152;18.127152932591425;0.0;-0.007887892704319683;0.3642913608128821;-0.03137628431273829;-0.1176610661727686;-0.010197292401639944;-0.0007844071078184573;-752.6391830062546
(43.381254, -5.819191, 180.8998061819002);(43.380896, -5.819522, 180.5348407542333);18.127152932591425;16.73581087839806;0.0;5.58659217877095e-06;0.000270042512092522;0.0026049989316517435;0.009768745993694036;0.0008466246527868165;6.512497329129358e-05;0.30743506808075266
(43.380896, -5.819522, 180.5348407542333);(43.380748, -5.819838, 180.8378264904022);16.73581087839806;16.104686031973472;0.0;5.586592178770949e-06;0.00019310017812285447;0.010008150477566759;0.03753056429087535;0.003252648905209197;0.000250203761939169;0.4846437022395944
(43.380748, -5.819838, 180.8378264904022);(43.380518, -5.819761, 181.0849362174049);16.104686031973472;15.52378074529859;0.0;5.58659217877095e-06;0.00020562779565876191;0.009082986857513423;0.03406120071567533;0.002951970728691862;0.00022707467143783555;0.5607014358362535
(43.380518, -5.819761, 181.0849362174049);(43.380449, -5.819366, 182.3243056675419);15.52378074529859;15.363585186198055;0.0;5.58659217877095e-06;4.531691825966157e-05;0.08620659309821223;0.3232747241182958;0.028017142756918967;0.0021551648274553054;0.4480898155126224
(43.380449, -5.819366, 182.3243056675419);(43.380284, -5.81908, 183.6753282286227);15.363585186198055;15.369292873414649;0.0;-0.6271682726394332;0.20190130330435696;-2.4947360178324116;-9.355260066871544;-0.8107892057955338;-0.062368400445810296;-56031.74320843841
(43.380284, -5.81908, 183.6753282286227);(43.380073, -5.818807, 185.8066204413772);15.369292873414649;15.787634841804977;0.0;-0.012403559957804773;0.2683042031969647;-0.0493386051654901;-0.18501976937058784;-0.01603504667878428;-0.0012334651291372523;-1015.9006027993356
(43.380073, -5.818807, 185.8066204413772);(43.379854, -5.818547, 187.568976550363);15.787634841804977;15.976840262627594;0.0;-0.02368593822679378;0.23206507892196757;-0.0942173987243575;-0.35331524521634056;-0.030620654585416185;-0.0023554349681089368;-1942.8147640495345
(43.379854, -5.818547, 187.568976550363);(43.37963723317274, -5.818374482424776, 188.3598660854623);15.976840262627594;15.689219456253184;0.0;5.586592178770949e-06;9.617103819735359e-05;0.03379208740598451;0.1267203277724419;0.010982428406944966;0.0008448021851496127;0.5296380551353836
(43.37963723317274, -5.818374482424776, 188.3598660854623);(43.379347, -5.81795, 189.9334574714303);15.689219456253184;15.335890003663383;0.0;5.58659217877095e-06;6.977560172500401e-05;0.05161331749720988;0.19354994061453706;0.01677432818659321;0.0012903329374302473;0.3128087747067068
(43.379347, -5.81795, 189.9334574714303);(43.379106, -5.817648, 190.5447624428198);15.335890003663383;14.65883735400322;0.0;5.586592178770951e-06;0.00017378578834679234;0.013717303076583384;0.05143988653718769;0.0044581234998896;0.00034293257691458463;0.4065809193413463
(43.379106, -5.817648, 190.5447624428198);(43.378801, -5.817839, 190.9917759802192);14.65883735400322;13.88888888888889;0.0;5.58659217877095e-06;0.0002046419405036377;0.009798305880500414;0.03674364705187655;0.003184449411162635;0.0002449576470125104;0.3959008487005504
(43.378801, -5.817839, 190.9917759802192);(43.378723, -5.818318, 192.0496401265264);13.88888888888889;13.88888888888889;0.0;nan;0.0;inf;inf;inf;inf;nan
(43.378723, -5.818318, 192.0496401265264);(43.378684, -5.818629, 192.6108680414036);13.88888888888889;13.88888888888889;0.0;nan;0.0;inf;inf;inf;inf;nan
(43.378684, -5.818629, 192.6108680414036);(43.378601, -5.818953, 193.2289409982041);13.88888888888889;13.88888888888889;0.0;nan;0.0;inf;inf;inf;inf;nan
(43.378601, -5.818953, 193.2289409982041);(43.378559, -5.819262, 193.5665274159983);13.88888888888889;13.88888888888889;0.0;nan;0.0;inf;inf;inf;inf;nan
(43.378559, -5.819262, 193.5665274159983);(43.378485, -5.819706, 194.2872318997979);13.88888888888889;13.88888888888889;0.0;nan;0.0;inf;inf;inf;inf;nan
(43.378485, -5.819706, 194.2872318997979);(43.37842, -5.820051, 194.8012808347121);13.88888888888889;13.88888888888889;0.0;nan;0.0;inf;inf;inf;inf;nan
(43.37842, -5.820051, 194.8012808347121);(43.378361, -5.820368, 195.3514875406399);13.88888888888889;13.88888888888889;0.0;nan;0.0;inf;inf;inf;inf;nan
(43.378361, -5.820368, 195.3514875406399);(43.378435, -5.820788, 196.5299166478217);13.88888888888889;13.88888888888889;0.0;nan;0.0;inf;inf;inf;inf;nan
(43.378435, -5.820788, 196.5299166478217);(43.3785, -5.821134, 195.8713412042707);13.88888888888889;13.88888888888889;0.0;nan;nan;-inf;-inf;-inf;-inf;nan
(43.3785, -5.821134, 195.8713412042707);(43.378337, -5.821382, 196.0701148239896);13.88888888888889;13.88888888888889;0.0;nan;0.0;inf;inf;inf;inf;nan
(43.378337, -5.821382, 196.0701148239896);(43.378003, -5.821292, 196.4503273312002);13.88888888888889;13.88888888888889;0.0;nan;0.0;inf;inf;inf;inf;nan
(43.378003, -5.821292, 196.4503273312002);(43.37772, -5.821404, 196.7810318376869);13.88888888888889;13.88888888888889;0.0;nan;0.0;inf;inf;inf;inf;nan
(43.37772, -5.821404, 196.7810318376869);(43.377506381499146, -5.821493170771747, 199.4852359043434);13.88888888888889;14.940247107423648;0.0;-0.005712632823058348;0.4034870740379527;-0.022723583896165425;-0.08521343961062035;-0.007385164766253763;-0.0005680895974041356;-607.9027243129843
(43.377506381499146, -5.821493170771747, 199.4852359043434);(43.377213, -5.821704, 202.2642611498013);14.940247107423648;15.64190953900057;0.0;-0.009377606209819317;0.29799297033593053;-0.037302033590170175;-0.13988262596313816;-0.012123160916805304;-0.0009325508397542543;-672.7178822318981
(43.377213, -5.821704, 202.2642611498013);(43.376935, -5.821879, 204.8174420548603);15.64190953900057;16.262266825741694;0.0;-0.009791575477495379;0.29787893822802836;-0.038948711343814946;-0.14605766753930605;-0.012658331186739858;-0.0009737177835953736;-760.5943352932467
(43.376935, -5.821879, 204.8174420548603);(43.376605, -5.822076, 207.2347946595401);16.262266825741694;16.6302157875217;0.0;-0.016392016353340748;0.25138316370200925;-0.06520379838328877;-0.24451424393733287;-0.021191234474568846;-0.0016300949595822191;-1082.1906641010085
(43.376605, -5.822076, 207.2347946595401);(43.376321, -5.822246, 209.3345754193142);16.6302157875217;16.955045805877106;0.0;-0.016137290327990928;0.2537523195654853;-0.06419055486023058;-0.24071458072586466;-0.020861930329574938;-0.0016047638715057644;-1237.3969506474677
(43.376321, -5.822246, 209.3345754193142);(43.376144, -5.822593, 209.6176141817123);16.955045805877106;16.218176679761516;0.0;5.586592178770951e-06;0.00019994121787488895;0.009083340505405749;0.03406252689527156;0.002952085664256869;0.00022708351263514375;0.4298007310787313
(43.376144, -5.822593, 209.6176141817123);(43.375931, -5.822714, 209.3814228586853);16.218176679761516;15.356122200197401;0.0;5.586592178770949e-06;0.0003133472751733254;0.0016332159914674742;0.0061245599680030275;0.0005307951972269292;4.083039978668685e-05;0.5757664923051109
(43.375931, -5.822714, 209.3814228586853);(43.375666, -5.822838, 207.8912817826495);15.356122200197401;13.375810841932077;0.0;-0.0009924581427352933;-0.10529405023381545;-0.003947777945547056;-0.01480416729580146;-0.001283027832302793;-9.86944486386764e-05;-84.22199613926476
(43.375666, -5.822838, 207.8912817826495);(43.375459974311056, -5.82307718237339, 206.5098355449736);13.375810841932077;11.1611384661651;0.0;-0.0008322206295539808;-0.10241326062182991;-0.0033103887264480576;-0.012413957724180216;-0.0010758763360956187;-8.275971816120143e-05;-73.24903069186405
(43.375459974311056, -5.82307718237339, 206.5098355449736);(43.37522, -5.823436, 204.3890836117789);11.1611384661651;6.810847410865584;0.0;-0.0007118797933143685;-0.13083000309696233;-0.0028316996222949326;-0.010618873583605998;-0.0009203023772458531;-7.079249055737332e-05;-47.636979289726966
(43.37522, -5.823436, 204.3890836117789);(43.375058, -5.823656, 203.4406726900488);6.810847410865584;8.013166703252733;0.0;-0.0010512486406331846;-0.0831505755736589;-0.004181633481629779;-0.01568112555611167;-0.0013590308815296783;-0.00010454083704074447;-109.54703342335038
(43.375058, -5.823656, 203.4406726900488);(43.374812, -5.823962, 201.7193941622972);8.013166703252733;8.333333333333334;0.0;-0.005223115828062332;-0.11187531156514997;-0.02077639407162572;-0.07791147776859646;-0.00675232807327836;-0.000519409851790643;-373.63736928193487
(43.374812, -5.823962, 201.7193941622972);(43.374576, -5.824261, 200.2681555757299);8.333333333333334;8.333333333333334;0.0;nan;nan;-inf;-inf;-inf;-inf;nan
(43.374576, -5.824261, 200.2681555757299);(43.374323, -5.824484, 198.6566532161087);8.333333333333334;8.333333333333334;0.0;nan;nan;-inf;-inf;-inf;-inf;nan
(43.374323, -5.824484, 198.6566532161087);(43.374046, -5.824638, 195.9348754044622);8.333333333333334;8.019483808248772;0.0;5.58659217877095e-06;-8.799503582611394e-05;0.057139606151179606;0.21427352306692352;0.018570371999133372;0.0014284901537794902;0.4441113514860828
(43.374046, -5.824638, 195.9348754044622);(43.373738, -5.824704, 192.3287433544174);8.019483808248772;6.634536025856718;0.0;5.58659217877095e-06;-0.0003723249062813827;0.017769242086621;0.06663465782482875;0.005775003678151825;0.000444231052165525;0.4258374640891361
(43.373738, -5.824704, 192.3287433544174);(43.373512, -5.824801, 189.8955223215744);6.634536025856718;5.8540000387481195;0.0;5.586592178770949e-06;-0.00027622263423091585;0.02108540689692501;0.07907027586346879;0.0068527572415006295;0.0005271351724231252;0.5605592308979432
(43.373512, -5.824801, 189.8955223215744);(43.373248, -5.825041, 189.1621631346643);5.8540000387481195;8.333333333333334;0.0;-0.0002487545263868428;-0.029773823260997926;-0.0009894902271832195;-0.0037105883519370723;-0.0003215843238345463;-2.4737255679580485e-05;-18.65982169352043
(43.373248, -5.825041, 189.1621631346643);(43.373169, -5.825429, 190.1754922568798);8.333333333333334;8.333333333333334;0.0;nan;0.0;inf;inf;inf;inf;nan
(43.373169, -5.825429, 190.1754922568798);(43.37318851818499, -5.825653155740056, 193.5572186363861);8.333333333333334;10.829261505585743;0.0;-0.0027646815729465016;0.6285991125554049;-0.010997288923498305;-0.04123983346311864;-0.003574118900136949;-0.0002749322230874576;-398.93014765293157
(43.37318851818499, -5.825653155740056, 193.5572186363861);(43.373213, -5.826183, 194.7634818609804);10.829261505585743;10.040974861539585;0.0;5.58659217877095e-06;0.00017058155540110645;0.01784511110616399;0.06691916664811497;0.005799661109503296;0.00044612777765409974;0.3427702166415671
(43.373213, -5.826183, 194.7634818609804);(43.373235, -5.826522, 195.9844307433814);10.040974861539585;9.942984136946434;0.0;5.586592178770949e-06;3.307799744398277e-05;0.12699525289751296;0.4762321983656735;0.041273457191691704;0.0031748813224378235;0.5346990561484846
(43.373235, -5.826522, 195.9844307433814);(43.373254, -5.826908, 197.5276054805145);9.942984136946434;9.982418360361228;0.0;-0.09783216502549551;0.20506906108078476;-0.38915461199030443;-1.4593297949636415;-0.12647524889684894;-0.00972886529975761;-8237.245839362928
(43.373254, -5.826908, 197.5276054805145);(43.373299, -5.827349, 197.656341294758);9.982418360361228;8.333333333333334;0.0;5.586592178770949e-06;0.00043718170909440025;0.00281896368269861;0.010571113810119787;0.0009161631968770483;7.047409206746525e-05;0.4086720126232213
(43.373299, -5.827349, 197.656341294758);(43.373329, -5.827721, 197.5817253151909);8.333333333333334;8.333333333333334;0.0;nan;0.0;inf;inf;inf;inf;nan
(43.373329, -5.827721, 197.5817253151909);(43.373371, -5.828091, 197.5897853467613);8.333333333333334;8.333333333333334;0.0;nan;0.0;inf;inf;inf;inf;nan
(43.373371, -5.828091, 197.5897853467613);(43.373416, -5.828529, 197.0806181784719);8.333333333333334;8.333333333333334;0.0;nan;nan;-inf;-inf;-inf;-inf;nan
(43.373416, -5.828529, 197.0806181784719);(43.373505, -5.828951, 196.3552618445829);8.333333333333334;8.333333333333334;0.0;nan;nan;-inf;-inf;-inf;-inf;nan
(43.373505, -5.828951, 196.3552618445829);(43.373683, -5.829165, 197.4897104064003);8.333333333333334;8.333333333333334;0.0;nan;0.0;inf;inf;inf;inf;nan
(43.373683, -5.829165, 197.4897104064003);(43.373673, -5.829474, 198.2486729379743);8.333333333333334;8.333333333333334;0.0;nan;0.0;inf;inf;inf;inf;nan
(43.373673, -5.829474, 198.2486729379743);(43.373708, -5.82984, 198.6924229077995);8.333333333333334;11.021401920697029;0.0;5.586592178770951e-06;0.0008366202448067083;0.002399572293566597;0.008998396100874738;0.000779860995409144;5.998930733916492e-05;0.4929957792012739
(43.373708, -5.82984, 198.6924229077995);(43.37383, -5.830239, 199.5300898011774);11.021401920697029;13.761462440850593;0.0;5.58659217877095e-06;0.0007276294433689204;0.0037698313457355612;0.014136867546508355;0.0012251951873640573;9.424578364338903e-05;0.4206348837257725
(43.37383, -5.830239, 199.5300898011774);(43.373966, -5.83054, 199.9183927252889);13.761462440850593;13.88888888888889;0.0;-0.00453889963724436;0.09312263739651781;-0.01805473411259423;-0.06770525292222836;-0.005867788586593124;-0.0004513683528148557;-417.59130234991267
(43.373966, -5.83054, 199.9183927252889);(43.374259, -5.830544, 200.4880934683606);13.88888888888889;13.88888888888889;0.0;nan;0.0;inf;inf;inf;inf;nan
(43.374259, -5.830544, 200.4880934683606);(43.374418, -5.830218, 202.8396635046229);13.88888888888889;14.492642445573049;0.0;-0.009181057017135747;0.2906843920881818;-0.036520204579273303;-0.1369507671722749;-0.011869066488263823;-0.0009130051144818326;-762.6358006012562
(43.374418, -5.830218, 202.8396635046229);(43.374509, -5.829926, 204.438752877526);14.492642445573049;14.768546220933784;0.0;-0.014170270519546037;0.2532076767988403;-0.05636618717774979;-0.2113732019165617;-0.018319010832768684;-0.001409154679443745;-1453.6987017483916
(43.374509, -5.829926, 204.438752877526);(43.374698, -5.829718, 205.0144874127582);14.768546220933784;14.3231890200816;0.0;5.58659217877095e-06;0.00015399719788580993;0.017381119578759884;0.06517919842034957;0.0056488638630969625;0.0004345279894689971;0.5477211572741081
(43.374698, -5.829718, 205.0144874127582);(43.374977, -5.829991, 205.2248585550115);14.3231890200816;13.222299455950472;0.0;5.58659217877095e-06;0.00026915823085864354;0.005586352751429112;0.02094882281785917;0.0018155646442144615;0.0001396588187857278;0.38727466548071066
(43.374977, -5.829991, 205.2248585550115);(43.37520543616351, -5.830179383387032, 204.3558369250968);13.222299455950472;11.432447896575656;0.0;-0.00048225416297438686;-0.048572873422948394;-0.0019182998927203387;-0.0071936245977012704;-0.00062344746513411;-4.7957497318008465e-05;-42.98648739833171
(43.37520543616351, -5.830179383387032, 204.3558369250968);(43.375483, -5.830318, 203.1533936709166);11.432447896575656;8.752769583758806;0.0;-0.000551495521065699;-0.07504759030554654;-0.002193726628239114;-0.008226474855896676;-0.000712961154177712;-5.484316570597784e-05;-44.361811070906
(43.375483, -5.830318, 203.1533936709166);(43.375574, -5.83064, 202.2372013377026);8.752769583758806;8.333333333333334;0.0;5.586592178770949e-06;-0.00122609694841314;0.001192094824081056;0.00447035559030396;0.0003874308178263433;2.9802370602026406e-05;0.5270043852010537
(43.375574, -5.83064, 202.2372013377026);(43.375811, -5.830949, 200.1670131422579);8.333333333333334;8.333333333333334;0.0;nan;nan;-inf;-inf;-inf;-inf;nan
(43.375811, -5.830949, 200.1670131422579);(43.375762, -5.831318, 197.4243416171521);8.333333333333334;7.7351166443434405;0.0;5.58659217877095e-06;-0.0001832469400179181;0.030692041226219387;0.11509515459832269;0.009974913398521301;0.0007673010306554847;0.4852140676290799
(43.375762, -5.831318, 197.4243416171521);(43.375836, -5.831714, 194.0268001630902);7.7351166443434405;6.427891348274063;0.0;5.586592178770949e-06;-0.00036739809415613987;0.01773683619826939;0.0665131357435102;0.005764471764437552;0.00044342090495673475;0.44518613806907753
(43.375836, -5.831714, 194.0268001630902);(43.37603, -5.831943, 191.564640388824);6.427891348274063;5.828859225789572;0.0;5.58659217877095e-06;-0.00019610059303020616;0.027590236330304406;0.10346338623864151;0.008966826807348933;0.0006897559082576102;0.5185420409034601
(43.37603, -5.831943, 191.564640388824);(43.375932, -5.832318, 191.1496726525947);5.828859225789572;8.333333333333334;0.0;-2.678824301471689e-05;-0.0037083762061935993;-0.00010655767776965163;-0.0003995912916361936;-3.4631245275136784e-05;-2.663941944241291e-06;-2.1907084118440325
(43.375932, -5.832318, 191.1496726525947);(43.375693, -5.832142, 191.8962931875139);8.333333333333334;8.333333333333334;0.0;nan;0.0;inf;inf;inf;inf;nan
(43.375693, -5.832142, 191.8962931875139);(43.375447, -5.832115, 194.6180672887713);8.333333333333334;9.821016281572373;0.0;-0.004029731527607298;0.364416805053504;-0.01602937652092681;-0.06011016195347554;-0.005209547369301214;-0.0004007344130231702;-388.01024095088167
(43.375447, -5.832115, 194.6180672887713);(43.37517, -5.832088, 197.3994903685525);9.821016281572373;11.033881630405125;0.0;-0.00514583911101323;0.3371541225966772;-0.020469004463808185;-0.07675876673928068;-0.006652426450737659;-0.0005117251115952046;-440.32268768095287
(43.37517, -5.832088, 197.3994903685525);(43.374902, -5.83192, 200.0340875275433);11.033881630405125;13.888888888888888;0.0;5.586592178770949e-06;0.0029375979641219296;0.002327381020913545;0.008727678828425794;0.0007563988317969022;5.818452552283863e-05;0.4504750098554021
(43.374902, -5.83192, 200.0340875275433);(43.374649, -5.831888, 200.7142838640139);13.888888888888888;13.88888888888889;0.0;nan;0.0;inf;inf;inf;inf;nan
(43.374649, -5.831888, 200.7142838640139);(43.374512, -5.831606, 199.8265958735719);13.88888888888889;13.88888888888889;0.0;nan;nan;-inf;-inf;-inf;-inf;nan
(43.374512, -5.831606, 199.8265958735719);(43.374296, -5.831376, 198.5924009410664);13.88888888888889;13.88888888888889;0.0;nan;nan;-inf;-inf;-inf;-inf;nan
(43.374296, -5.831376, 198.5924009410664);(43.374072, -5.831206, 197.6640308853239);13.88888888888889;12.197429059570297;0.0;-0.0005935498193112604;-0.05882365128855313;-0.002361009281260347;-0.008853784804726301;-0.0007673280164096128;-5.902523203150867e-05;-55.08653650888369
(43.374072, -5.831206, 197.6640308853239);(43.373731, -5.831386, 194.8707477869466);12.197429059570297;8.333333333333334;0.0;-0.0008305566989233418;-0.17930389714285797;-0.003303769980161737;-0.012389137425606515;-0.0010737252435525646;-8.259424950404343e-05;-54.011016549272505
(43.373731, -5.831386, 194.8707477869466);(43.373505, -5.83143, 193.1155343381688);8.333333333333334;8.333333333333334;0.0;nan;nan;-inf;-inf;-inf;-inf;nan
(43.373505, -5.83143, 193.1155343381688);(43.373286, -5.831571, 193.3205420728773);8.333333333333334;10.597022975659367;0.0;5.58659217877095e-06;0.0007840974848582884;0.0018721925548078149;0.007020722080529305;0.0006084625803125398;4.680481387019537e-05;0.5486663864129843
(43.373286, -5.831571, 193.3205420728773);(43.373025, -5.831681, 193.1859009461477);10.597022975659367;12.408031316211769;0.0;5.58659217877095e-06;0.0005558391542120445;0.001161422080565912;0.00435533280212217;0.0003774621761839214;2.90355520141478e-05;0.48616519347631404
(43.373025, -5.831681, 193.1859009461477);(43.372751, -5.831785, 191.9783073095605);12.408031316211769;13.298171841825493;0.0;-0.0016957857493616593;-0.07964769078978319;-0.006745458869683045;-0.025295470761311417;-0.0021922741326469894;-0.00016863647174207612;-141.73261252658293
(43.372751, -5.831785, 191.9783073095605);(43.372456, -5.831932, 191.5818977896124);13.298171841825493;13.88888888888889;0.0;5.58659217877095e-06;0.0004700673720120106;0.00045866912157520214;0.0017200092059070078;0.00014906746451194067;1.1466728039380052e-05;0.42292653154399423
(43.372456, -5.831932, 191.5818977896124);(43.372237, -5.832093, 191.2335900804028);13.88888888888889;12.681277985695527;0.0;5.586592178770949e-06;0.0004072602125640632;0.0003459061428939402;0.0012971480358522757;0.00011241949644053058;8.647653572348506e-06;0.5341953894218683
(43.372237, -5.832093, 191.2335900804028);(43.371926, -5.83225, 190.0066037187353);12.681277985695527;10.134395043289137;0.0;-0.0005494608517639819;-0.06334369438277947;-0.0021856331659056167;-0.008196124372146061;-0.0007103307789193254;-5.464082914764042e-05;-39.39576893452385
(43.371926, -5.83225, 190.0066037187353);(43.371674, -5.832278, 188.7828553766012);10.134395043289137;8.333333333333334;0.0;-0.00045765191281805297;-0.10020198040617495;-0.0018204376087651447;-0.006826641032869292;-0.000591642222848672;-4.551094021912861e-05;-43.01329138119859
(43.371674, -5.832278, 188.7828553766012);(43.371413, -5.832452, 188.7756261769682);8.333333333333334;8.333333333333334;0.0;nan;0.0;inf;inf;inf;inf;nan
(43.371413, -5.832452, 188.7756261769682);(43.371111, -5.832566, 189.2309454549104);8.333333333333334;8.333333333333334;0.0;nan;0.0;inf;inf;inf;inf;nan
(43.371111, -5.832566, 189.2309454549104);(43.370906, -5.832703, 188.6251385547221);8.333333333333334;8.333333333333334;0.0;nan;nan;-inf;-inf;-inf;-inf;nan
(43.370906, -5.832703, 188.6251385547221);(43.370722, -5.832906, 188.1653859419748);8.333333333333334;8.333333333333334;0.0;nan;nan;-inf;-inf;-inf;-inf;nan
(43.370722, -5.832906, 188.1653859419748);(43.370494, -5.832919, 187.4563216241077);8.333333333333334;8.333333333333334;0.0;nan;nan;-inf;-inf;-inf;-inf;nan
(43.370494, -5.832919, 187.4563216241077);(43.370195674344494, -5.832994361796707, 185.7257969388738);8.333333333333334;8.333333333333334;0.0;nan;nan;-inf;-inf;-inf;-inf;nan
(43.370195674344494, -5.832994361796707, 185.7257969388738);(43.369882, -5.833277, 186.3084280453622);8.333333333333334;6.398598968535351;0.0;5.58659217877095e-06;0.00043195446192723764;0.004453424230036538;0.01670034086263702;0.0014473628747618747;0.00011133560575091344;0.35364848019546397
(43.369882, -5.833277, 186.3084280453622);(43.369755, -5.833542, 186.0880654817447);6.398598968535351;8.333333333333334;0.0;5.58659217877095e-06;0.0008030759324011403;0.0002859274418403522;0.0010722279069013206;9.292641859811445e-05;7.148186046008804e-06;0.573914147906495
(43.369755, -5.833542, 186.0880654817447);(43.369715, -5.833893, 186.198224647902);8.333333333333334;8.333333333333334;0.0;nan;0.0;inf;inf;inf;inf;nan
(43.369715, -5.833893, 186.198224647902);(43.369713, -5.834315, 187.3293309854344);8.333333333333334;8.333333333333334;0.0;nan;0.0;inf;inf;inf;inf;nan
(43.369713, -5.834315, 187.3293309854344);(43.369705, -5.834697, 187.6917606573552);8.333333333333334;8.333333333333334;0.0;nan;0.0;inf;inf;inf;inf;nan
(43.369705, -5.834697, 187.6917606573552);(43.369672, -5.835176, 188.0612430749461);8.333333333333334;8.333333333333334;0.0;nan;0.0;inf;inf;inf;inf;nan
(43.369672, -5.835176, 188.0612430749461);(43.36956, -5.835565, 188.3011011490598);8.333333333333334;8.333333333333334;0.0;nan;0.0;inf;inf;inf;inf;nan
(43.36956, -5.835565, 188.3011011490598);(43.369665, -5.835925, 188.0262837782502);8.333333333333334;8.333333333333334;0.0;nan;0.0;inf;inf;inf;inf;nan
(43.369665, -5.835925, 188.0262837782502);(43.369913, -5.836188, 187.4839030914009);8.333333333333334;8.333333333333334;0.0;nan;nan;-inf;-inf;-inf;-inf;nan
(43.369913, -5.836188, 187.4839030914009);(43.37011, -5.836339, 187.688880992122);8.333333333333334;8.333333333333334;0.0;nan;0.0;inf;inf;inf;inf;nan
(43.37011, -5.836339, 187.688880992122);(43.37038461356039, -5.836430386215015, 188.223128519021);8.333333333333334;8.333333333333334;0.0;nan;0.0;inf;inf;inf;inf;nan
(43.37038461356039, -5.836430386215015, 188.223128519021);(43.370579, -5.836316, 189.187791062519);8.333333333333334;8.114077137385308;0.0;5.58659217877095e-06;8.686400973967773e-05;0.04483467066345631;0.16813001498796118;0.014571267965623302;0.0011208667665864077;0.6275425459824104
(43.370579, -5.836316, 189.187791062519);(43.37074, -5.836589, 188.2010134141892);8.114077137385308;8.333333333333334;0.0;-0.0027056955810038567;-0.07363158709826077;-0.010762655755548675;-0.04035995908330753;-0.0034978631205533194;-0.0002690663938887169;-251.054172625381
(43.37074, -5.836589, 188.2010134141892);(43.370755, -5.836985, 188.1456040246412);8.333333333333334;8.333333333333334;0.0;nan;0.0;inf;inf;inf;inf;nan
(43.370755, -5.836985, 188.1456040246412);(43.370804, -5.837418, 188.2429276350886);8.333333333333334;8.333333333333334;0.0;nan;0.0;inf;inf;inf;inf;nan
(43.370804, -5.837418, 188.2429276350886);(43.370735, -5.837866, 189.6536457147449);8.333333333333334;8.333333333333334;0.0;nan;0.0;inf;inf;inf;inf;nan
(43.370735, -5.837866, 189.6536457147449);(43.370644, -5.838341, 190.3229339802638);8.333333333333334;8.333333333333334;0.0;nan;0.0;inf;inf;inf;inf;nan
(43.370644, -5.838341, 190.3229339802638);(43.370597, -5.838711, 190.5272214803845);8.333333333333334;8.333333333333334;0.0;nan;0.0;inf;inf;inf;inf;nan
(43.370597, -5.838711, 190.5272214803845);(43.370564, -5.839176, 190.6460798233747);8.333333333333334;8.333333333333334;0.0;nan;0.0;inf;inf;inf;inf;nan
(43.370564, -5.839176, 190.6460798233747);(43.370527, -5.839679, 191.1775635369122);8.333333333333334;8.333333333333334;0.0;nan;0.0;inf;inf;inf;inf;nan
(43.370527, -5.839679, 191.1775635369122);(43.370492, -5.839984, 191.6319938581437);8.333333333333334;8.333333333333334;0.0;nan;0.0;inf;inf;inf;inf;nan
(43.370492, -5.839984, 191.6319938581437);(43.37048878247034, -5.840351266600083, 191.4583998527378);8.333333333333334;8.333333333333334;0.0;nan;0.0;inf;inf;inf;inf;nan
(43.37048878247034, -5.840351266600083, 191.4583998527378);(43.370412, -5.840815, 192.3128602476791);8.333333333333334;7.019669216633598;0.0;5.58659217877095e-06;0.00031736178032029866;0.007939431473400269;0.029772868025251007;0.0025803152288550874;0.00019848578683500672;0.3826709229831619
(43.370412, -5.840815, 192.3128602476791);(43.370326, -5.841228, 193.4012771965936);7.019669216633598;8.333333333333334;0.0;-0.0005016637266612147;0.14178976176253513;-0.0019955068238301644;-0.0074831505893631165;-0.0006485397177448034;-4.9887670595754116e-05;-38.0459129120522
(43.370326, -5.841228, 193.4012771965936);(43.370216, -5.841603, 194.8216352015734);8.333333333333334;8.333333333333334;0.0;nan;0.0;inf;inf;inf;inf;nan
(43.370216, -5.841603, 194.8216352015734);(43.370135, -5.841974, 193.4645069055259);8.333333333333334;8.333333333333334;0.0;nan;nan;-inf;-inf;-inf;-inf;nan
(43.370135, -5.841974, 193.4645069055259);(43.37008225320871, -5.842165110418014, 194.9109627865255);8.333333333333334;9.04755755199283;0.0;-0.004528583304400315;0.32550698076928014;-0.01801369803305903;-0.06755136762397136;-0.005854451860744185;-0.0004503424508264757;-721.9064322773238
(43.37008225320871, -5.842165110418014, 194.9109627865255);(43.369912, -5.842561, 196.7718031192198);9.04755755199283;9.101648025277985;0.0;-0.08481384299774505;0.20527856748174284;-0.3373706199243637;-1.2651398247163639;-0.10964545147541821;-0.008434265498109092;-6011.4329038462765
(43.369912, -5.842561, 196.7718031192198);(43.369719, -5.842929, 198.6282907947898);9.101648025277985;9.178128145811034;0.0;-0.05972099648381701;0.20723133991536546;-0.23755685268007212;-0.8908381975502703;-0.07720597712102344;-0.005938921317001802;-4292.0230791749555
(43.369719, -5.842929, 198.6282907947898);(43.369572, -5.843169, 199.3674907907844);9.178128145811034;8.634964138729794;0.0;5.58659217877095e-06;0.0001991178648321252;0.015313646973915466;0.057426176152183;0.004976935266522526;0.00038284117434788664;0.5806767270698547
(43.369572, -5.843169, 199.3674907907844);(43.369358, -5.843453, 199.3086463715881);8.634964138729794;8.333333333333334;0.0;5.58659217877095e-06;0.00027956440156720516;0.002792614269079605;0.010472303509048517;0.0009075996374508716;6.981535672699012e-05;0.44567767852992723
(43.369358, -5.843453, 199.3086463715881);(43.369138, -5.843684, 198.7424810566008);8.333333333333334;8.333333333333334;0.0;nan;nan;-inf;-inf;-inf;-inf;nan
(43.369138, -5.843684, 198.7424810566008);(43.368952, -5.843863, 200.5381246488541);8.333333333333334;8.966971750732572;0.0;-0.00653163123550958;0.27319177112075754;-0.025981377581249222;-0.09743016592968458;-0.008443947713905995;-0.0006495344395312304;-682.938018864834
(43.368952, -5.843863, 200.5381246488541);(43.3688244768568, -5.844015937001597, 200.6037318166345);8.966971750732572;8.333333333333334;0.0;5.586592178770949e-06;0.0004190778313677617;0.0028001983587097588;0.010500743845161595;0.0009100644665806716;7.000495896774397e-05;0.7834568421802681
(43.3688244768568, -5.844015937001597, 200.6037318166345);(43.368452, -5.844301, 199.7338861636817);8.333333333333334;2.644158309191027;0.0;-9.85853797928413e-05;-0.019723092067859216;-0.0003921507329537466;-0.0014705652485765494;-0.00012744898820996764;-9.803768323843662e-06;-5.491372246927635
(43.368452, -5.844301, 199.7338861636817);(43.368196, -5.84457, 200.6601441260427);2.644158309191027;8.333333333333334;0.0;5.58659217877095e-06;0.001726862955190192;0.0015427060203091947;0.0057851475761594795;0.0005013794566004883;3.856765050772987e-05;0.4115459025075558
(43.368196, -5.84457, 200.6601441260427);(43.367931, -5.844845, 201.2451272085309);8.333333333333334;11.581107591955183;0.0;5.58659217877095e-06;0.0008189074216071551;0.002507856096481944;0.00940446036180729;0.0008150532313566319;6.269640241204861e-05;0.39939640274634053
(43.367931, -5.844845, 201.2451272085309);(43.367666, -5.845072, 201.6842633336782);11.581107591955183;13.88888888888889;0.0;5.586592178770949e-06;0.0006281346446192444;0.003027553119976311;0.011353324199911165;0.000983954763992301;7.568882799940778e-05;0.4248141434978111
(43.367666, -5.845072, 201.6842633336782);(43.367469, -5.845255, 201.1927936282009);13.88888888888889;13.88888888888889;0.0;nan;nan;-inf;-inf;-inf;-inf;nan
(43.367469, -5.845255, 201.1927936282009);(43.367268, -5.845456, 201.2720259251073);13.88888888888889;13.88888888888889;0.0;nan;0.0;inf;inf;inf;inf;nan
(43.367268, -5.845456, 201.2720259251073);(43.367003, -5.845692, 201.928569143638);13.88888888888889;13.88888888888889;0.0;nan;0.0;inf;inf;inf;inf;nan
(43.367003, -5.845692, 201.928569143638);(43.366814, -5.845869, 203.0119795249775);13.88888888888889;13.88888888888889;0.0;nan;0.0;inf;inf;inf;inf;nan
(43.366814, -5.845869, 203.0119795249775);(43.366566, -5.846085, 203.4450326515362);13.88888888888889;13.089973571920854;0.0;5.586592178770949e-06;0.00022786822441063804;0.008821092543063654;0.0330790970364887;0.0028668550764956876;0.00022052731357659135;0.45179164775093866
(43.366566, -5.846085, 203.4450326515362);(43.366283, -5.846278, 205.803621689789);13.089973571920854;13.600381356144625;0.0;-0.010961835450014983;0.26553358687437584;-0.043603745456726274;-0.1635140454627235;-0.01417121727343604;-0.0010900936364181568;-824.0571844895832
(43.366283, -5.846278, 205.803621689789);(43.36603161023792, -5.846328445655765, 207.8322619842365);13.600381356144625;14.093318226278278;0.0;-0.009669860763635896;0.28144539542175573;-0.03846455725979612;-0.14424208972423544;-0.012500981109433736;-0.0009616139314949029;-904.3947275179144
(43.36603161023792, -5.846328445655765, 207.8322619842365);(43.365719, -5.846301, 210.2822399493307);14.093318226278278;14.649007906341515;0.0;-0.01042192866636209;0.2773469230347733;-0.041456116250640315;-0.1554604359399012;-0.013473237781458102;-0.0010364029062660078;-790.5806817162434
(43.365719, -5.846301, 210.2822399493307);(43.365489, -5.846262, 211.441519068554);14.649007906341515;14.621015904269004;0.0;5.586592178770949e-06;1.0122556196430896e-05;0.4293733158021837;1.6101499342581889;0.13954632763570968;0.01073433289505459;0.5728110827374159
(43.365489, -5.846262, 211.441519068554);(43.36522, -5.846315, 213.1325316820294);14.621015904269004;14.808347588485844;0.0;-0.022373277747505374;0.23135699901013657;-0.08899592704007694;-0.3337347264002885;-0.028923676288025002;-0.0022248981760019234;-1956.2600313136957
(43.36522, -5.846315, 213.1325316820294);(43.365036, -5.846571, 214.4792048847303);14.808347588485844;14.801578518482678;0.0;5.58659217877095e-06;2.1637442627259305e-06;2.0514924796496112;7.6930967986860415;0.6667350558861237;0.05128731199124028;0.5063281825344209
(43.365036, -5.846571, 214.4792048847303);(43.364808, -5.846866, 212.6821167990565);14.801578518482678;12.331650480892094;0.0;-0.0010252654847423028;-0.12116131362938518;-0.004078278261530494;-0.015293543480739349;-0.0013254404349974105;-0.00010195695653826233;-77.70247467459174
(43.364808, -5.846866, 212.6821167990565);(43.364654933802086, -5.847068425424542, 215.1030042562634);12.331650480892094;13.314671267062964;0.0;-0.005451217406219201;0.3779434625609635;-0.021683731460294158;-0.08131399297610307;-0.0070472127245956;-0.0005420932865073539;-609.0028340382556
(43.364654933802086, -5.847068425424542, 215.1030042562634);(43.364454, -5.847294, 216.0360453631729);13.314671267062964;12.995510017276073;0.0;5.586592178770949e-06;0.0001029839555626175;0.032856523369402514;0.12321196263525944;0.010678370095055817;0.0008214130842350629;0.5111102482525682
(43.364454, -5.847294, 216.0360453631729);(43.364181, -5.847487, 217.332142945379);12.995510017276073;12.753003649567647;0.0;5.586592178770949e-06;6.616355178383726e-05;0.057208230652978594;0.21453086494866971;0.01859267496221804;0.0014302057663244648;0.4321662437813028
(43.364181, -5.847487, 217.332142945379);(43.363926, -5.847476, 218.6007349602878);12.753003649567647;12.694853711890326;0.0;5.586592178770949e-06;1.910189276777606e-05;0.22356725689293877;0.8383772133485203;0.07265935849020509;0.005589181422323469;0.5203341457056221
(43.363926, -5.847476, 218.6007349602878);(43.363927, -5.847166, 218.204096859321);12.694853711890326;11.402264557707445;0.0;-7.730229986675167e-05;-0.006627342709965087;-0.00030749137058107886;-0.0011530926396790455;-9.993469543885063e-05;-7.687284264526971e-06;-8.121459799205015
(43.363927, -5.847166, 218.204096859321);(43.363731, -5.846848, 219.7358025657013);11.402264557707445;11.328204267717295;0.0;5.58659217877095e-06;2.043594939521714e-05;0.20938885138377578;0.7852081926891592;0.06805137669972712;0.005234721284594394;0.43708367664131803
(43.363731, -5.846848, 219.7358025657013);(43.363459, -5.846926, 221.3649143073708);11.328204267717295;11.45521991421025;0.0;-0.031578290496626256;0.21652545358359374;-0.12561142219769109;-0.47104283324134155;-0.0408237122142496;-0.0031402855549422766;-2700.268257859653
(43.363459, -5.846926, 221.3649143073708);(43.363257, -5.847062, 222.6561918305233);11.45521991421025;11.53429335765689;0.0;-0.04041477300579848;0.21301846290685736;-0.1607609859563984;-0.6028536973364941;-0.052247320435829483;-0.00401902464890996;-4267.187952578364
(43.363257, -5.847062, 222.6561918305233);(43.362911, -5.847185, 224.7454068437219);11.53429335765689;11.691830830997073;0.0;-0.0327092816409431;0.21626019624179643;-0.13011025363841808;-0.48791345114406776;-0.042285832432485876;-0.003252756340960452;-2174.4423316177476
(43.362911, -5.847185, 224.7454068437219);(43.362821, -5.847587, 225.5892891408876);11.691830830997073;11.013498255744523;0.0;5.58659217877095e-06;0.00018529712589584964;0.015032760375197218;0.05637285140698957;0.004885647121939096;0.0003758190093799305;0.4326943126824565
(43.362821, -5.847587, 225.5892891408876);(43.362663, -5.847977, 225.4092950336635);11.013498255744523;9.148147214148109;0.0;5.58659217877095e-06;0.0004803191465054232;0.0012401267576996424;0.004650475341373659;0.00040304119625238373;3.100316894249106e-05;0.407872572560639
(43.362663, -5.847977, 225.4092950336635);(43.362514, -5.848228, 225.9302707761526);9.148147214148109;8.333333333333334;0.0;5.58659217877095e-06;0.00029480229903442926;0.008012040853435888;0.030045153200384575;0.0026039132773666633;0.00020030102133589717;0.5622887603338828
(43.362514, -5.848228, 225.9302707761526);(43.362306, -5.848538, 226.6264486452565);8.333333333333334;8.333333333333334;0.0;nan;0.0;inf;inf;inf;inf;nan
(43.362306, -5.848538, 226.6264486452565);(43.362414, -5.848838, 226.4438818069175);8.333333333333334;8.333333333333334;0.0;nan;0.0;inf;inf;inf;inf;nan
(43.362414, -5.848838, 226.4438818069175);(43.362604, -5.84909, 226.6774514988065);8.333333333333334;8.333333333333334;0.0;nan;0.0;inf;inf;inf;inf;nan
(43.362604, -5.84909, 226.6774514988065);(43.362827, -5.849403, 226.6688586762175);8.333333333333334;8.333333333333334;0.0;nan;0.0;inf;inf;inf;inf;nan
(43.362827, -5.849403, 226.6688586762175);(43.36290539527411, -5.849612070966416, 226.5823750728741);8.333333333333334;8.333333333333334;0.0;nan;0.0;inf;inf;inf;inf;nan
(43.36290539527411, -5.849612070966416, 226.5823750728741);(43.3632, -5.849952, 226.5599283091724);8.333333333333334;5.282435551817181;0.0;5.58659217877095e-06;0.000663948990559603;0.00128504333153575;0.004818912493259063;0.00041763908274911873;3.212608328839375e-05;0.34471662977963297
(43.3632, -5.849952, 226.5599283091724);(43.363302, -5.850259, 226.9375431565568);5.282435551817181;8.333333333333334;0.0;5.58659217877095e-06;0.0012138193300764994;0.0015098860518079917;0.005662072694279969;0.0004907129668375973;3.7747151295199794e-05;0.5393752649943403
(43.363302, -5.850259, 226.9375431565568);(43.363163, -5.850598, 229.0576404780149);8.333333333333334;8.980180649162197;0.0;-0.007604148790387955;0.2600759367496608;-0.03024761407732097;-0.11342855278995363;-0.009830474575129316;-0.0007561903519330243;-636.8740717175025
(43.363163, -5.850598, 229.0576404780149);(43.362976, -5.850975, 231.3851359821856);8.980180649162197;9.531354698937097;0.0;-0.009931988462844994;0.24690379344799218;-0.03950724299665008;-0.1481521612374378;-0.012839853973911276;-0.000987681074916252;-709.5682552205519
(43.362976, -5.850975, 231.3851359821856);(43.362845, -5.851249, 232.4545096494257);9.531354698937097;9.299940025910237;0.0;5.586592178770949e-06;8.114387888147478e-05;0.04750735828179082;0.1781525935567156;0.015439891441582016;0.0011876839570447704;0.5554181265478274
(43.362845, -5.851249, 232.4545096494257);(43.362716, -5.851638, 233.7791410256177);9.299940025910237;8.909363895409811;0.0;5.58659217877095e-06;0.0001049949602931514;0.03525705936311314;0.13221397261167425;0.011458544293011769;0.0008814264840778284;0.42581203539311097
(43.362716, -5.851638, 233.7791410256177);(43.362611, -5.851929, 235.4049780871719);8.909363895409811;9.274329634915844;0.0;-0.010509247976085084;0.24292040091304679;-0.041803453060427334;-0.1567629489766025;-0.013586122244638883;-0.0010450863265106833;-1054.306948282518
(43.362611, -5.851929, 235.4049780871719);(43.36236424073428, -5.852472723118162, 237.0555538479239);9.274329634915844;8.333333333333334;0.0;5.58659217877095e-06;0.00017057626669789971;0.018949036014931517;0.07105888505599318;0.006158436704852744;0.00047372590037328795;0.2841470238787471
(43.36236424073428, -5.852472723118162, 237.0555538479239);(43.362236, -5.85271, 239.152516502887);8.333333333333334;9.349793106263927;0.0;-0.004602148389434539;0.3257238702981796;-0.0183063235935285;-0.06864871347573187;-0.005949555167896762;-0.00045765808983821245;-507.5917653531599
(43.362236, -5.85271, 239.152516502887);(43.362115, -5.852991, 239.936214780435);9.349793106263927;8.805358434781489;0.0;5.58659217877095e-06;0.00019165994547447836;0.016049663087881767;0.06018623657955662;0.005216140503561575;0.0004012415771970442;0.5576231080304467
(43.362115, -5.852991, 239.936214780435);(43.361973, -5.85332, 242.1034853542224);8.805358434781489;9.500370971378194;0.0;-0.007203058811375486;0.2692747925926088;-0.02865216727191583;-0.10744562726968435;-0.009311954363372645;-0.0007163041817978957;-613.7029895249211
(43.361973, -5.85332, 242.1034853542224);(43.361885, -5.853651, 242.1293680854142);9.500370971378194;8.333333333333334;0.0;5.58659217877095e-06;0.0004599334843119979;0.0021375840786416345;0.008015940294906128;0.0006947148255585313;5.343960196604086e-05;0.5164646648427363
(43.361885, -5.853651, 242.1293680854142);(43.361628, -5.853949, 242.8553336039186);8.333333333333334;8.333333333333334;0.0;nan;0.0;inf;inf;inf;inf;nan
(43.361628, -5.853949, 242.8553336039186);(43.36152, -5.854287, 244.6584088765085);8.333333333333334;8.717827753842478;0.0;-0.01108179716071557;0.23742162153579727;-0.04408092648373528;-0.1653034743140073;-0.014326301107213965;-0.0011020231620933818;-978.1048266310775
(43.36152, -5.854287, 244.6584088765085);(43.3614, -5.854682, 245.1486098999158);8.717827753842478;8.333333333333334;0.0;5.586592178770949e-06;0.0001751092009593237;0.01102302662431151;0.041336349841168164;0.0035824836529012405;0.00027557566560778776;0.42522905505987785
(43.3614, -5.854682, 245.1486098999158);(43.361335, -5.855131, 244.9420181559399);8.333333333333334;8.333333333333334;0.0;nan;0.0;inf;inf;inf;inf;nan
(43.361335, -5.855131, 244.9420181559399);(43.361301, -5.855495, 244.640794692561);8.333333333333334;8.333333333333334;0.0;nan;0.0;inf;inf;inf;inf;nan
(43.361301, -5.855495, 244.640794692561);(43.361262, -5.855842, 243.9194572400302);8.333333333333334;8.333333333333334;0.0;nan;nan;-inf;-inf;-inf;-inf;nan
(43.361262, -5.855842, 243.9194572400302);(43.361226, -5.856194, 243.1067018918693);8.333333333333334;8.333333333333334;0.0;nan;nan;-inf;-inf;-inf;-inf;nan
(43.361226, -5.856194, 243.1067018918693);(43.36119, -5.856503, 242.4301307247952);8.333333333333334;8.333333333333334;0.0;nan;nan;-inf;-inf;-inf;-inf;nan
(43.36119, -5.856503, 242.4301307247952);(43.361303, -5.856905, 242.2513870168477);8.333333333333334;8.333333333333334;0.0;nan;0.0;inf;inf;inf;inf;nan
(43.361303, -5.856905, 242.2513870168477);(43.361297, -5.857224, 242.3532238816842);8.333333333333334;8.333333333333334;0.0;nan;0.0;inf;inf;inf;inf;nan
(43.361297, -5.857224, 242.3532238816842);(43.361069, -5.85749, 242.8611417878419);8.333333333333334;8.333333333333334;0.0;nan;0.0;inf;inf;inf;inf;nan
(43.361069, -5.85749, 242.8611417878419);(43.360968, -5.857871, 242.868025447242);8.333333333333334;8.333333333333334;0.0;nan;0.0;inf;inf;inf;inf;nan
(43.360968, -5.857871, 242.868025447242);(43.36096519767595, -5.858086095875224, 243.0099597806111);8.333333333333334;8.333333333333334;0.0;nan;0.0;inf;inf;inf;inf;nan
(43.36096519767595, -5.858086095875224, 243.0099597806111);(43.36088, -5.858778, 243.1325131170452);8.333333333333334;4.142800893956549;0.0;5.586592178770949e-06;0.0006859668803509158;0.0015248336256970048;0.005718126096363768;0.0004955709283515266;3.8120840642425124e-05;0.25929200028754407
(43.36088, -5.858778, 243.1325131170452);(43.360825, -5.859161, 243.4581402922049);4.142800893956549;8.265406320148928;0.0;5.58659217877095e-06;0.0012131034494162422;0.0012790497706561927;0.004796436639960722;0.0004156911754632626;3.197624426640482e-05;0.4661022982376645
(43.360825, -5.859161, 243.4581402922049);(43.360765, -5.85962, 244.3066737186164);8.265406320148928;8.333333333333334;0.0;-0.020462650540376406;0.1135341714848766;-0.08139587659394171;-0.3052345372272814;-0.026453659893031056;-0.002034896914848543;-1429.138117232403
(43.360765, -5.85962, 244.3066737186164);(43.360706, -5.859981, 245.251243961975);8.333333333333334;11.449120438669077;0.0;5.58659217877095e-06;0.0009674011911190146;0.003291472976495181;0.012343023661856927;0.0010697287173609337;8.228682441237951e-05;0.4918062226101286
(43.360706, -5.859981, 245.251243961975);(43.360649, -5.860414, 244.5312581239268);11.449120438669077;12.99783040741869;0.0;-0.0003206151198491679;-0.023202765963083696;-0.001275335698955579;-0.004782508871083421;-0.00041448410216056317;-3.1883392473889474e-05;-23.731481056584638
(43.360649, -5.860414, 244.5312581239268);(43.360631, -5.860799, 245.4407700225711);12.99783040741869;13.88888888888889;0.0;-0.00017876418640597232;0.14048668355094793;-0.000711084208148201;-0.002666565780555754;-0.00023110236764816534;-1.7777105203705024e-05;-15.090867409091821
(43.360631, -5.860799, 245.4407700225711);(43.360559, -5.861169, 246.711752361618);13.88888888888889;13.88888888888889;0.0;nan;0.0;inf;inf;inf;inf;nan
(43.360559, -5.861169, 246.711752361618);(43.360509, -5.861534, 248.2078223275021);13.88888888888889;13.944306622375185;0.0;-0.06826687546560942;0.20944590867353668;-0.2715504601854242;-1.0183142256953408;-0.08825389956026285;-0.006788761504635604;-5986.573222467064
(43.360509, -5.861534, 248.2078223275021);(43.360465, -5.861938, 249.9308119295165);13.944306622375185;14.059471504737946;0.0;-0.03746042403799613;0.21714720327875572;-0.1490092422844735;-0.5587846585667756;-0.048428003742453894;-0.0037252310571118377;-2986.684507783302
(43.360465, -5.861938, 249.9308119295165);(43.360408, -5.862371, 251.3657840900123);14.059471504737946;13.890373273432926;0.0;5.586592178770951e-06;4.414383260059321e-05;0.08999070530139881;0.3374651448802455;0.02924697922295461;0.00224976763253497;0.4135101254442225
(43.360408, -5.862371, 251.3657840900123);(43.360347, -5.862671, 251.7077306862921);13.890373273432926;13.88888888888889;0.0;5.586592178770949e-06;1.205909125599106e-06;1.6773442076096439;6.290040778536164;0.5451368674731343;0.04193360519024109;0.5842073811858298
(43.360347, -5.862671, 251.7077306862921);(43.360263, -5.863003, 252.0407258700579);13.88888888888889;13.88888888888889;0.0;nan;0.0;inf;inf;inf;inf;nan
(43.360263, -5.863003, 252.0407258700579);(43.360186, -5.863372, 253.0958670694381);13.88888888888889;13.88888888888889;0.0;nan;0.0;inf;inf;inf;inf;nan
(43.360186, -5.863372, 253.0958670694381);(43.360054990901645, -5.863683866142119, 255.21748754289);13.88888888888889;14.405020556864143;0.0;-0.0096399461276392;0.2842669035014266;-0.03834556348549814;-0.14379586307061806;-0.012462308132786898;-0.0009586390871374537;-872.4106717045102
(43.360054990901645, -5.863683866142119, 255.21748754289);(43.359913, -5.864068, 256.1407227693126);14.405020556864143;13.912247933070248;0.0;5.58659217877095e-06;0.00013144041866276014;0.022667444526741114;0.08500291697527916;0.007366919471190862;0.0005666861131685279;0.4225105314472363
(43.359913, -5.864068, 256.1407227693126);(43.359845, -5.864514, 257.8316951692104);13.912247933070248;13.88888888888889;0.0;5.586592178770951e-06;5.925682876832891e-06;0.7376746010094918;2.7662797537855943;0.2397442453280848;0.018441865025237293;0.39931029003544327
(43.359845, -5.864514, 257.8316951692104);(43.359729, -5.86479, 258.1635366864502);13.88888888888889;13.88888888888889;0.0;nan;0.0;inf;inf;inf;inf;nan
(43.359729, -5.86479, 258.1635366864502);(43.359598, -5.865143, 260.3066204730421);13.88888888888889;14.326075382654553;0.0;-0.011672497854476617;0.2649231395255994;-0.04643060257669588;-0.17411475966260956;-0.01508994583742616;-0.001160765064417397;-959.8609723599393
(43.359598, -5.865143, 260.3066204730421);(43.359477, -5.865541, 262.1100420411676);14.326075382654553;14.437714812638319;0.0;-0.0406178768787463;0.21622750606794064;-0.16156888802879085;-0.6058833301079656;-0.05250988860935702;-0.004039222200719771;-3067.9516158527695
(43.359477, -5.865541, 262.1100420411676);(43.359358, -5.865933, 263.216440172866);14.437714812638319;14.090455824410013;0.0;5.58659217877095e-06;9.394368983160356e-05;0.03614402559279545;0.13554009597298292;0.01174680831765852;0.0009036006398198862;0.42851822339418466
(43.359358, -5.865933, 263.216440172866);(43.359233, -5.866344, 264.0570095293224);14.090455824410013;13.88888888888889;0.0;5.58659217877095e-06;6.994625434693399e-05;0.039166947650986945;0.14687605369120105;0.012729257986570756;0.0009791736912746736;0.40859541644562947
(43.359233, -5.866344, 264.0570095293224);(43.359134, -5.866682, 265.2617317400873);13.88888888888889;13.88888888888889;0.0;nan;0.0;inf;inf;inf;inf;nan
(43.359134, -5.866682, 265.2617317400873);(43.359055, -5.867041, 266.3772727837786);13.88888888888889;13.88888888888889;0.0;nan;0.0;inf;inf;inf;inf;nan
(43.359055, -5.867041, 266.3772727837786);(43.358918, -5.867503, 267.7990322643891);13.88888888888889;13.88888888888889;0.0;nan;0.0;inf;inf;inf;inf;nan
(43.358918, -5.867503, 267.7990322643891);(43.358815, -5.867846, 269.0085004521534);13.88888888888889;13.88888888888889;0.0;nan;0.0;inf;inf;inf;inf;nan
(43.358815, -5.867846, 269.0085004521534);(43.358692, -5.86825, 271.6134283570573);13.88888888888889;14.53040311701612;0.0;-0.00950739302958546;0.286449957492713;-0.03781829671768439;-0.1418186126913165;-0.012290946433247428;-0.0009454574179421099;-707.2902092804015
(43.358692, -5.86825, 271.6134283570573);(43.358563518820745, -5.8685384936047225, 275.562148462981);14.53040311701612;16.20728809507728;0.0;-0.005010816260394279;0.5111270415913864;-0.019931913569123907;-0.07474467588421464;-0.006477871909965269;-0.0004982978392280977;-482.8150078706357
(43.358563518820745, -5.8685384936047225, 275.562148462981);(43.358404, -5.869024, 277.38280101493);16.20728809507728;16.10480810284109;0.0;5.58659217877095e-06;2.2106226289990227e-05;0.189079657784151;0.7090487166905662;0.061450888779849076;0.0047269914446037755;0.3416887694784393
(43.358404, -5.869024, 277.38280101493);(43.358301, -5.86938, 279.2574544213712);16.10480810284109;16.370719683801394;0.0;-0.017322452461997196;0.24728624680389258;-0.06890486645994441;-0.2583932492247915;-0.022394081599481933;-0.00172262166149861;-1473.0513561040727
(43.358301, -5.86938, 279.2574544213712);(43.35819, -5.869759, 281.5170174054801);16.370719683801394;16.803666281425336;0.0;-0.012534202836648628;0.27319155323709454;-0.0498582735057801;-0.18696852564667538;-0.016203938889378534;-0.0012464568376445025;-999.5122324611193
(43.35819, -5.869759, 281.5170174054801);(43.358091, -5.870037, 283.0281986324117);16.803666281425336;17.01263368403213;0.0;-0.017849155737853225;0.24789523802396057;-0.07099997504612728;-0.26624990642297724;-0.023074991889991365;-0.0017749993761531817;-1879.0780386394958
(43.358091, -5.870037, 283.0281986324117);(43.357952, -5.870516, 284.851989582181);17.01263368403213;16.962077909030345;0.0;5.586592178770949e-06;1.1264386031590441e-05;0.3828071329050161;1.4355267483938106;0.12441231819413025;0.009570178322625402;0.35293272575507
(43.357952, -5.870516, 284.851989582181);(43.357638, -5.870823, 286.6088291537017);16.962077909030345;16.843779323928505;0.0;5.58659217877095e-06;2.5703712179461506e-05;0.1602196551904185;0.6008237069640694;0.052071387936886;0.004005491379760462;0.34416878322941863
(43.357638, -5.870823, 286.6088291537017);(43.35742470882092, -5.870697714835655, 289.5797064192593);16.843779323928505;17.845598763858693;0.0;-0.006550374284990323;0.4242262233736588;-0.026055933266961512;-0.09770974975110566;-0.00846817831176249;-0.0006513983316740378;-670.753941319704
(43.35742470882092, -5.870697714835655, 289.5797064192593);(43.357216, -5.871023, 290.51973410137);17.845598763858693;17.483718271191492;0.0;5.58659217877095e-06;9.595648034285394e-05;0.03243270292423208;0.1216226359658703;0.010540628450375426;0.0008108175731058019;0.42001452950065243
(43.357216, -5.871023, 290.51973410137);(43.357108, -5.871406, 292.1677432060242);17.483718271191492;17.557624437622973;0.0;-0.05780150550454946;0.21389483996838216;-0.22992154411809676;-0.8622057904428627;-0.07472450183838143;-0.0057480386029524185;-4584.318777026198
(43.357108, -5.871406, 292.1677432060242);(43.356988, -5.871783, 293.3875760603696);17.557624437622973;17.39119719988026;0.0;5.586592178770949e-06;4.647368481034747e-05;0.08213336444975194;0.3080001166865698;0.026693343446169384;0.0020533341112437984;0.4423213275545402
(43.356988, -5.871783, 293.3875760603696);(43.356894, -5.872158, 293.4625620804727);17.39119719988026;16.589555360879874;0.0;5.58659217877095e-06;0.000232207070914012;0.005654615758362247;0.021204809093858426;0.0018377501214677302;0.00014136539395905617;0.4588283475653549
(43.356894, -5.872158, 293.4625620804727);(43.356781, -5.872517, 293.9544434165582);16.589555360879874;16.010266826315913;0.0;5.586592178770949e-06;0.00017017365369166216;0.013221497181410271;0.04958061443028851;0.004296986583958338;0.00033053742953525675;0.4653209089499563
(43.356781, -5.872517, 293.9544434165582);(43.356655, -5.872905, 295.3746554898098);16.010266826315913;15.9060873277252;0.0;5.58659217877095e-06;2.8174637262425577e-05;0.14573706739532613;0.5465140027324731;0.047364546903481006;0.003643426684883154;0.4283820331965517
(43.356655, -5.872905, 295.3746554898098);(43.35651, -5.873291, 297.9574065124616);15.9060873277252;16.48181339929242;0.0;-0.01060521231218047;0.2891333383199665;-0.04218517786400676;-0.15819441699002532;-0.013710182805802195;-0.001054629446600169;-795.4949940900116
(43.35651, -5.873291, 297.9574065124616);(43.356411, -5.873578, 298.0756639586762);16.48181339929242;15.83596812987081;0.0;5.58659217877095e-06;0.0002336656192686616;0.006199614130816554;0.023248552990562072;0.00201487459251538;0.00015499035327041382;0.5730882588224677
(43.356411, -5.873578, 298.0756639586762);(43.356151, -5.873534, 301.2208559606224);15.83596812987081;16.903825301499165;0.0;-0.006543147102595859;0.4001070536617671;-0.026027185141436857;-0.09760194428038822;-0.008458835170966978;-0.0006506796285359214;-593.4965741100242
(43.356151, -5.873534, 301.2208559606224);(43.355914, -5.873396, 304.0165612027049);16.903825301499165;17.738489768812013;0.0;-0.007583530367916938;0.3687508966948952;-0.030165598574602936;-0.113120994654761;-0.009803819536745953;-0.0007541399643650733;-699.803865192912
(43.355914, -5.873396, 304.0165612027049);(43.355661, -5.873228, 307.1184452353045);17.738489768812013;18.63903015417536;0.0;-0.00780497028455369;0.37505516308970543;-0.03104643735411356;-0.11642414007792586;-0.010090092140086908;-0.000776160933852839;-659.7009839757364
(43.355661, -5.873228, 307.1184452353045);(43.35539, -5.873043, 310.6999647244811);18.63903015417536;19.688181096643014;0.0;-0.007679520336495207;0.3992157044006947;-0.030547425338503156;-0.11455284501938683;-0.009927913235013526;-0.0007636856334625788;-602.7327910351612
(43.35539, -5.873043, 310.6999647244811);(43.355092, -5.872873, 314.7629085453227);19.688181096643014;20.87011765959277;0.0;-0.00769060216997228;0.42244760152281274;-0.030591506409445295;-0.11471814903541984;-0.00994223958306972;-0.0007647876602361324;-566.1530591304543
(43.355092, -5.872873, 314.7629085453227);(43.354882, -5.872735, 317.1305463509634);20.87011765959277;21.437295232591627;0.0;-0.009718752216453031;0.35506213593827657;-0.038659036594335394;-0.14497138722875771;-0.012564186893159003;-0.0009664759148583849;-991.6090658390267
(43.354882, -5.872735, 317.1305463509634);(43.354682, -5.872592, 319.167400139384);21.437295232591627;21.862447678170344;0.0;-0.011429903556497626;0.32315679748591597;-0.045465616369179444;-0.17049606138442291;-0.01477632531998332;-0.001136640409229486;-1203.9925267768574
