start;end;start_time;end_time;start_speed;end_speed;Wh;Ah;NOx;CO;HC;PM;CO2;battery_degradation
(43.391264, -5.801079, 173.2862721503871);(43.391468, -5.801223, 174.6766786202788);0;8.0498425674159;0;6.333333333333334;8227.04865282282;20.567621632057048;0.0;0.0;0.004443537429687411;0.01666326536132779;0.0014441496646484086;0.00011108843574218527;0.0;9.2117939447931e-07
(43.391468, -5.801223, 174.6766786202788);(43.391768, -5.801411, 174.9100775970146);8.0498425674159;13.046987861056927;6.333333333333334;8.333333333333334;17784.847647635805;44.462119119089515;0.0;0.0;0.01547391961032963;0.0580271985387361;0.0050290238733571285;0.0003868479902582407;0.0;1.991369641673894e-06
(43.391768, -5.801411, 174.9100775970146);(43.392097, -5.801549, 175.4675523051992);13.046987861056927;17.63384913289616;8.333333333333334;8.333333333333334;17262.756444770752;43.15689111192688;0.0;0.0;0.016363142104198734;0.06136178289074524;0.005318021183864588;0.00040907855260496824;0.0;1.932923168730601e-06
(43.392097, -5.801549, 175.4675523051992);(43.39219, -5.801838, 174.6787773203105);17.63384913289616;20.70504241152076;8.333333333333334;8.333333333333334;3560.361553234876;8.900903883087189;0.0;0.0;0.005040331700349416;0.018901243876310307;0.00163810780261356;0.0001260082925087354;0.0;3.986575871202073e-07
(43.39219, -5.801838, 174.6787773203105);(43.392091, -5.802117, 174.6218505902216);20.70504241152076;23.72167635415015;8.333333333333334;8.333333333333334;6195.48565514446;15.48871413786115;0.0;0.0;0.008929454042184176;0.03348545265819066;0.0029020725637098573;0.0002232363510546044;0.0;6.937159762102852e-07
(43.392091, -5.802117, 174.6218505902216);(43.392029, -5.802437, 174.8956168377772);23.72167635415015;26.94080017105565;8.333333333333334;8.333333333333334;7586.392929564452;18.96598232391113;0.0;0.0;0.01024636483748868;0.03842386814058255;0.003330068572183821;0.000256159120937217;0.0;8.494589112690201e-07
(43.392029, -5.802437, 174.8956168377772);(43.391929, -5.802772, 175.2724560108036);26.94080017105565;30.460132165700607;8.333333333333334;8.333333333333334;8053.159184557661;20.132897961394153;0.0;0.0;0.009948972031712406;0.03730864511892152;0.0032334159103065314;0.0002487243007928101;0.0;9.017250918534122e-07
(43.391929, -5.802772, 175.2724560108036);(43.391746, -5.80312, 175.396753099747);30.460132165700607;34.63147116150711;8.333333333333334;8.333333333333334;7294.787470483955;18.236968676209887;0.0;0.0;0.007603425973016981;0.02851284739881368;0.0024711134412305187;0.00019008564932542453;0.0;8.168103731031334e-07
(43.391746, -5.80312, 175.396753099747);(43.391587, -5.803391, 173.9241051021963);34.63147116150711;38.01314838048431;8.333333333333334;8.333333333333334;-2436.4712869761993;-6.091178217440498;0.0;0.0;0.0;0.0;0.0;0.0;0.0;2.728162270563435e-07
(43.391587, -5.803391, 173.9241051021963);(43.391521, -5.803765, 173.1439117807895);38.01314838048431;41.2198774771775;8.333333333333334;11.11111111111111;1206.385608702443;3.0159640217561074;0.0;0.0;0.0016356713218632227;0.006133767456987085;0.0005315931796055474;4.089178304658057e-05;0.0;1.350812466352617e-07
(43.391521, -5.803765, 173.1439117807895);(43.391702, -5.803995, 173.5851919092238);41.2198774771775;43.68731783463954;11.11111111111111;11.11111111111111;7458.530576168554;18.646326440421387;0.0;0.0;0.013142523875545112;0.049284464533294166;0.004271320259552161;0.0003285630968886278;0.0;8.3514656267108e-07
(43.391702, -5.803995, 173.5851919092238);(43.391608, -5.804345, 173.6545990938321);43.68731783463954;46.40705711454319;11.11111111111111;11.11111111111111;5896.580696498703;14.741451741246758;0.0;0.0;0.00942638419995521;0.03534894074983204;0.0030635748649854434;0.00023565960499888027;0.0;6.602531102359422e-07
(43.391608, -5.804345, 173.6545990938321);(43.391336, -5.804537, 173.5430060308427);46.40705711454319;49.12611409574018;11.11111111111111;13.88888888888889;5422.10949270334;13.55527373175835;0.0;0.0;0.00867006070918464;0.032512727659442395;0.002817769730485008;0.00021675151772961599;0.0;6.071262938998719e-07
(43.391336, -5.804537, 173.5430060308427);(43.391149, -5.804765, 173.5826874403283);49.12611409574018;51.127768902937476;13.88888888888889;13.88888888888889;5761.217337614462;14.403043344036154;0.0;0.0;0.01251403136197068;0.046927617607390046;0.004067060192640471;0.000312850784049267;0.0;6.450979108413434e-07
(43.391149, -5.804765, 173.5826874403283);(43.390955, -5.80502, 172.4374161697924);51.127768902937476;53.27743905218594;13.88888888888889;13.88888888888889;66.446708468827;0.1661167711720675;0.0;0.0;0.0001343921217746645;0.0005039704566549919;4.367743957676597e-05;3.3598030443666124e-06;0.0;7.4402103351663595e-09
(43.390955, -5.80502, 172.4374161697924);(43.390719, -5.805261, 172.7348168874159);53.27743905218594;55.63124508467843;13.88888888888889;13.88888888888889;7663.529760867664;19.15882440216916;0.0;0.0;0.01415566709937658;0.05308375162266218;0.004600591807297389;0.0003538916774844145;0.0;8.581063717151949e-07
(43.390719, -5.805261, 172.7348168874159);(43.390506, -5.805509, 171.9668069882318);55.63124508467843;57.866442123851876;13.88888888888889;13.88888888888889;1836.494614434161;4.591236536085402;0.0;0.0;0.0035722842564898448;0.013396065961836918;0.0011609923833591994;8.930710641224611e-05;0.0;2.0563759735395593e-07
(43.390506, -5.805509, 171.9668069882318);(43.390301, -5.805754, 171.1944854445755);57.866442123851876;60.041715214104954;13.88888888888889;13.88888888888889;1513.6610305741717;3.7841525764354293;0.0;0.0;0.0030254292874896944;0.011345359828086352;0.0009832645184341506;7.563573218724236e-05;0.0;1.6948902183917387e-07
(43.390301, -5.805754, 171.1944854445755);(43.390094, -5.805994, 170.5229803230613);60.041715214104954;62.21013070915046;13.88888888888889;13.88888888888889;1867.9268694943137;4.669817173735784;0.0;0.0;0.003745325188032732;0.014044969455122742;0.0012172306861106378;9.36331297008183e-05;0.0;2.0915723694713504e-07
(43.390094, -5.805994, 170.5229803230613);(43.389893, -5.806235, 169.2917851209641);62.21013070915046;64.34595991799165;13.88888888888889;13.88888888888889;-1133.3567973097383;-2.8333919932743457;0.0;0.0;0.0;0.0;0.0;0.0;0.0;1.26905291083735e-07
(43.389893, -5.806235, 169.2917851209641);(43.389684, -5.806444, 168.7992813456804);64.34595991799165;66.41516191685788;13.88888888888889;13.88888888888889;2298.3067062635223;5.745766765658805;0.0;0.0;0.004829222984897015;0.018109586193363805;0.00156949747009153;0.00012073057462242536;0.0;2.5734819780102686e-07
(43.389684, -5.806444, 168.7992813456804);(43.38949, -5.80665, 168.2228646520525);66.41516191685788;68.37792308857006;13.88888888888889;13.88888888888889;1538.8930222712727;3.8472325556781817;0.0;0.0;0.0034088911701008378;0.01278334188787814;0.0011078896302827723;8.522227925252093e-05;0.0;1.723144450489637e-07
(43.38949, -5.80665, 168.2228646520525);(43.389303, -5.806833, 168.2199017191306);68.37792308857006;70.21566532098988;13.88888888888889;12.88888888888889;4053.48706081387;10.133717652034674;0.0;0.0;0.009589950361504854;0.0359623138556432;0.0031167338674890767;0.0002397487590376213;0.0;4.5388129983062225e-07
(43.389303, -5.806833, 168.2199017191306);(43.388976, -5.8071, 167.9087474616244);70.21566532098988;73.89246108356127;12.88888888888889;10.11111111111111;5064.466984858098;12.661167462145245;0.0;0.0;0.005988753005387678;0.02245782377020379;0.0019463447267509953;0.00014971882513469196;0.0;5.670843066793434e-07
(43.388976, -5.8071, 167.9087474616244);(43.388773, -5.807356, 167.1003944259137);73.89246108356127;76.78013914437842;10.11111111111111;11.11111111111111;-283.9411438356789;-0.7098528595891972;0.0;0.0;0.0;0.0;0.0;0.0;0.0;3.179379684662346e-08
(43.388773, -5.807356, 167.1003944259137);(43.388597, -5.807597, 166.6479760687798);76.78013914437842;79.26722061124138;11.11111111111111;11.11111111111111;1257.368745391278;3.143421863478195;0.0;0.0;0.0021980866750744097;0.008242825031529037;0.0007143781693991832;5.495216687686025e-05;0.0;1.4079160360163694e-07
(43.388597, -5.807597, 166.6479760687798);(43.38832, -5.807486, 166.8676801631227);79.26722061124138;82.15280675682057;11.11111111111111;11.11111111111111;5117.618379037624;12.79404594759406;0.0;0.0;0.007710916801273283;0.02891593800477481;0.0025060479604138166;0.00019277292003183204;0.0;5.730364342565035e-07
(43.38832, -5.807486, 166.8676801631227);(43.387998, -5.807692, 166.7433000151068);82.15280675682057;85.70569899095925;11.11111111111111;11.11111111111111;4221.925481537254;10.554813703843136;0.0;0.0;0.0051665506680543035;0.019374565005203636;0.0016791289671176486;0.00012916376670135758;0.0;4.7274316272951937e-07
(43.387998, -5.807692, 166.7433000151068);(43.387777, -5.807941, 167.5101149203256);85.70569899095925;88.56581544340108;11.11111111111111;11.11111111111111;7651.144813579678;19.127862033949196;0.0;0.0;0.01163094145595472;0.0436160304598302;0.0037800559731852846;0.000290773536398868;0.0;8.567255213392854e-07
(43.387777, -5.807941, 167.5101149203256);(43.387537, -5.808199, 167.6010423181579);88.56581544340108;91.61518836939756;11.11111111111111;11.11111111111111;4445.1612711667285;11.112903177916822;0.0;0.0;0.0063379549187778895;0.023767330945417085;0.002059835348602814;0.00015844887296944724;0.0;4.977410083516532e-07
(43.387537, -5.808199, 167.6010423181579);(43.387292, -5.808443, 167.2344970703125);91.61518836939756;94.30654250985113;11.11111111111111;13.88888888888889;2051.340326662932;5.12835081665733;0.0;0.0;0.0033138972130913728;0.012427114549092648;0.001077016594254696;8.284743032728432e-05;0.0;2.296962121235424e-07
(43.387292, -5.808443, 167.2344970703125);(43.387057, -5.808682, 167.5668138219044);94.30654250985113;96.64701779545092;13.88888888888889;13.88888888888889;5919.273340880208;14.79818335220052;0.0;0.0;0.01099604478015665;0.04123516792558743;0.003573714553550911;0.00027490111950391623;0.0;6.628036575014562e-07
(43.387057, -5.808682, 167.5668138219044);(43.386836, -5.808918, 166.8910588286817);96.64701779545092;98.88774139986344;13.88888888888889;6.888888888888889;627.8360376076622;1.5695900940191556;0.0;0.0;0.0012182323144481234;0.004568371179180463;0.00039592550219564015;3.0455807861203087e-05;0.0;7.030125640866913e-08
(43.386836, -5.808918, 166.8910588286817);(43.386667625905886, -5.809118578890227, 166.01692263549194);98.88774139986344;106.08207082589705;6.888888888888889;0;-1223.3660785840823;-3.0584151964602055;0.0;0.0;0.0;0.0;0.0;0.0;0.0;1.369850901966174e-07
(43.386667625905886, -5.809118578890227, 166.01692263549194);(43.386338, -5.809368, 165.1427864423022);106.08207082589705;113.7647706250053;0;9.88888888888889;-2284.205802753989;-5.710514506884972;0.0;0.0;0.0;0.0;0.0;0.0;0.0;2.5577148120381327e-07
(43.386338, -5.809368, 165.1427864423022);(43.386037, -5.809432, 165.9132477268577);113.7647706250053;116.73616503571395;9.88888888888889;12.88888888888889;7325.539649042823;18.313849122607056;0.0;0.0;0.010718931243983421;0.04019599216493783;0.003483652654294612;0.0002679732810995855;0.0;8.202701932517206e-07
(43.386037, -5.809432, 165.9132477268577);(43.38581, -5.809413, 166.0936301276088);116.73616503571395;118.62330491130464;12.88888888888889;4.888888888888889;3715.3043665186756;9.28826091629669;0.0;0.0;0.008559777393648252;0.03209916522618094;0.002781927652935682;0.0002139944348412063;0.0;4.160181558207417e-07
(43.38581, -5.809413, 166.0936301276088);(43.385562, -5.809665, 167.2776071568951);118.62330491130464;131.75735041918762;4.888888888888889;0.3333333333333339;9885.23103488441;24.713077587211025;0.0;0.0;0.0032723554477762976;0.012271332929161115;0.0010635155205272967;8.180888619440743e-05;0.0;1.1068916737089296e-06
(43.385562, -5.809665, 167.2776071568951);(43.385734, -5.8099, 166.9423075132072);131.75735041918762;137.60777106617422;0.3333333333333339;0.8888888888888893;-293.4488534605136;-0.7336221336512839;0.0;0.0;0.0;0.0;0.0;0.0;0.0;3.285874366364776e-08
(43.385734, -5.8099, 166.9423075132072);(43.38593, -5.810172, 170.0917267818004);137.60777106617422;150.5773193409569;0.8888888888888893;0.8888888888888893;18261.49594368413;45.653739859210326;0.0;0.0;0.006121863828147166;0.022956989355551873;0.001989605744147829;0.00015304659570367915;0.0;2.044822196511357e-06
(43.38593, -5.810172, 170.0917267818004);(43.386157, -5.810489, 172.4047704217955);150.5773193409569;159.83378600115543;0.8888888888888893;1.8888888888888893;13840.609312267048;34.60152328066762;0.0;0.0;0.006501029435561907;0.024378860383357154;0.00211283456655762;0.0001625257358890477;0.0;1.549799763495135e-06
(43.386157, -5.810489, 172.4047704217955);(43.386363, -5.810775, 172.641068351455);159.83378600115543;165.8777980438211;1.8888888888888893;6.888888888888889;3578.8052837993127;8.947013209498282;0.0;0.0;0.002574452675342104;0.009654197532532889;0.0008366971194861837;6.436131688355259e-05;0.0;4.007366356065726e-07
(43.386363, -5.810775, 172.641068351455);(43.386596, -5.811082, 172.4678992219269);165.8777980438211;169.70159980485758;6.888888888888889;11.88888888888889;1995.0235569541737;4.987558892385434;0.0;0.0;0.002268427080452764;0.008506601551697865;0.0007372388011471483;5.67106770113191e-05;0.0;2.2339277398396953e-07
(43.386596, -5.811082, 172.4678992219269);(43.386808, -5.811364, 170.9072809014469);169.70159980485758;172.24764585631692;11.88888888888889;13.88888888888889;-4859.509840789865;-12.148774601974662;0.0;0.0;0.0;0.0;0.0;0.0;0.0;5.441435287379193e-07
(43.386808, -5.811364, 170.9072809014469);(43.386987, -5.811597, 166.8477362757549);172.24764585631692;174.22197289023143;13.88888888888889;13.88888888888889;-17292.59650783973;-43.23149126959933;0.0;0.0;0.0;0.0;0.0;0.0;0.0;1.9363249730606923e-06
(43.386987, -5.811597, 166.8477362757549);(43.387318, -5.811726, 165.6864853594452);174.22197289023143;176.97459242116392;13.88888888888889;13.88888888888889;-2136.4296781913345;-5.3410741954783365;0.0;0.0;0.0;0.0;0.0;0.0;0.0;2.3922346050037884e-07
(43.387318, -5.811726, 165.6864853594452);(43.387417, -5.812029, 165.2718027997762);176.97459242116392;178.91155951426532;13.88888888888889;13.88888888888889;495.165957802683;1.2379148945067076;0.0;0.0;0.0011114775653003892;0.0041680408698764595;0.0003612302087226265;2.778693913250973e-05;0.0;5.5445453959966546e-08
(43.387417, -5.812029, 165.2718027997762);(43.387238, -5.812246, 164.9991851206869);178.91155951426532;180.82281319660646;13.88888888888889;13.88888888888889;1161.6015896838105;2.9040039742095263;0.0;0.0;0.002642475847628469;0.009909284428606759;0.0008588046504792524;6.606189619071172e-05;0.0;1.3006857847277806e-07
(43.387238, -5.812246, 164.9991851206869);(43.387011, -5.812222, 165.2327740006149);180.82281319660646;182.64402636812216;13.88888888888889;13.88888888888889;3569.7809752028766;8.924452438007192;0.0;0.0;0.008522224136887321;0.03195834051332745;0.0027697228444883795;0.00021305560342218302;0.0;3.9972099218852956e-07
(43.387011, -5.812222, 165.2327740006149);(43.386751, -5.812463, 163.960872056894);182.64402636812216;185.15447701339056;13.88888888888889;13.88888888888889;-3078.097807544638;-7.695244518861594;0.0;0.0;0.0;0.0;0.0;0.0;0.0;3.4466558820194373e-07
(43.386751, -5.812463, 163.960872056894);(43.386529, -5.812764, 162.6834325585514);185.15447701339056;187.65191973503119;13.88888888888889;13.88888888888889;-3141.0222433452077;-7.852555608363019;0.0;0.0;0.0;0.0;0.0;0.0;0.0;3.517113918235282e-07
(43.386529, -5.812764, 162.6834325585514);(43.3864, -5.813127, 161.2784334989265);187.65191973503119;190.00769542806646;13.88888888888889;13.88888888888889;-3978.4036279654615;-9.946009069913654;0.0;0.0;0.0;0.0;0.0;0.0;0.0;4.4547581327999335e-07
(43.3864, -5.813127, 161.2784334989265);(43.386332, -5.813444, 160.098024437204);190.00769542806646;191.9354175369032;13.88888888888889;13.88888888888889;-3421.2589970924523;-8.553147492731132;0.0;0.0;0.0;0.0;0.0;0.0;0.0;3.830902181531807e-07
(43.386332, -5.813444, 160.098024437204);(43.386283, -5.813754, 160.8203745000064);191.9354175369032;193.78595556331092;13.88888888888889;13.88888888888889;5997.03940834504;14.9925985208626;0.0;0.0;0.014090001941070142;0.052837507279013034;0.004579250630847797;0.00035225004852675355;0.0;6.715097863798291e-07
(43.386283, -5.813754, 160.8203745000064);(43.386225, -5.814185, 161.8891762774438);193.78595556331092;196.34287195353332;13.88888888888889;13.88888888888889;8627.161905603607;21.56790476400902;0.0;0.0;0.014669779478521928;0.05501167304445723;0.0047676783305196264;0.0003667444869630482;0.0;9.660162539374064e-07
(43.386225, -5.814185, 161.8891762774438);(43.386084, -5.814585, 163.8573382431641);196.34287195353332;198.9347667435885;13.88888888888889;13.88888888888889;13136.17303597798;32.840432589944946;0.0;0.0;0.02203553787280992;0.08263326702303718;0.007161549808663223;0.0005508884468202479;0.0;1.47091415413423e-06
(43.386084, -5.814585, 163.8573382431641);(43.38602, -5.814959, 163.5932929646224);198.9347667435885;201.17596029231245;13.88888888888889;13.88888888888889;1516.7479244348756;3.791869811087189;0.0;0.0;0.0029424304727942055;0.01103411427297827;0.0009562899036581168;7.356076181985513e-05;0.0;1.6983737478094934e-07
(43.38602, -5.814959, 163.5932929646224);(43.385945, -5.815304, 163.7770017310977);201.17596029231245;203.27622328345998;13.88888888888889;13.88888888888889;3571.4810439139987;8.928702609784997;0.0;0.0;0.007393444781558421;0.02772541793084408;0.002402869554006487;0.00018483611953896053;0.0;3.999156416648475e-07
(43.385945, -5.815304, 163.7770017310977);(43.385862, -5.815735, 163.7671659169719);203.27622328345998;205.87688669670746;13.88888888888889;13.88888888888889;3219.4555773296106;8.048638943324027;0.0;0.0;0.00538233162877174;0.020183743607894024;0.0017492577793508156;0.0001345582907192935;0.0;3.6049789456579145e-07
(43.385862, -5.815735, 163.7671659169719);(43.385786, -5.816079, 163.717212902382);205.87688669670746;207.97386945207523;13.88888888888889;5.888888888888889;2372.3809894147953;5.930952473536988;0.0;0.0;0.004918829173761301;0.018445609401604876;0.0015986194814724228;0.0001229707293440325;0.0;2.656469968757354e-07
(43.385786, -5.816079, 163.717212902382);(43.38574358801743, -5.816384265009034, 163.4767686920241);207.97386945207523;216.52561007246325;5.888888888888889;0;1053.2773385768946;2.6331933464422366;0.0;0.0;0.0005355011210872034;0.0020081292040770127;0.00017403786435334109;1.3387528027180085e-05;0.0;1.1794059174405902e-07
(43.38574358801743, -5.816384265009034, 163.4767686920241);(43.385656, -5.816837, 163.4400627920404);216.52561007246325;224.20157885604422;0;9.88888888888889;1718.9394362099933;4.297348590524983;0.0;0.0;0.0009736425372961927;0.0036511595148607224;0.00031643382462126263;2.4341063432404816e-05;0.0;1.9247803449905138e-07
(43.385656, -5.816837, 163.4400627920404);(43.385579, -5.817168, 163.8479943014681);224.20157885604422;227.29142486768836;9.88888888888889;3.333333333333334;4168.466449983031;10.421166124957578;0.0;0.0;0.005865589128241188;0.02199595923090445;0.0019063164666783857;0.0001466397282060297;0.0;4.6676370755671805e-07
(43.385579, -5.817168, 163.8479943014681);(43.385467, -5.8175, 164.3009287565947);227.29142486768836;232.14162769112886;3.333333333333334;5.888888888888889;4369.820169838634;10.924550424596584;0.0;0.0;0.003917200748371193;0.014689502806391974;0.0012730902432206376;9.793001870927983e-05;0.0;4.89310570991061e-07
(43.385467, -5.8175, 164.3009287565947);(43.385423, -5.817935, 164.7869412982836);232.14162769112886;236.38356775308574;5.888888888888889;9.88888888888889;4996.064575061692;12.49016143765423;0.0;0.0;0.005120774828098779;0.01920290560537042;0.001664251819132103;0.00012801937070246948;0.0;5.594346379538705e-07
(43.385423, -5.817935, 164.7869412982836);(43.385657, -5.818181, 165.378382130526);236.38356775308574;240.1879247215257;9.88888888888889;7.333333333333334;5487.416921359253;13.718542303398133;0.0;0.0;0.0062713185535993475;0.02351744457599755;0.0020381785299197876;0.00015678296383998366;0.0;6.14454357526976e-07
(43.385657, -5.818181, 165.378382130526);(43.385872, -5.81839, 165.9714090870693);240.1879247215257;243.92589598957713;7.333333333333334;8.333333333333334;4941.24654696191;12.353116367404775;0.0;0.0;0.005747417274869538;0.021552814780760765;0.0018679106143326;0.00014368543187173843;0.0;5.532973195186249e-07
(43.385872, -5.81839, 165.9714090870693);(43.386076, -5.818682, 165.4891535425559);243.92589598957713;247.8575972055825;8.333333333333334;8.333333333333334;-138.7456759573667;-0.3468641898934168;0.0;0.0;0.0;0.0;0.0;0.0;0.0;1.5536087960583698e-08
(43.386076, -5.818682, 165.4891535425559);(43.386178, -5.819067, 162.8771825768054);247.8575972055825;251.84045561025124;8.333333333333334;8.333333333333334;-10723.434773960465;-26.808586934901165;0.0;0.0;0.0;0.0;0.0;0.0;0.0;1.2007585678903372e-06
(43.386178, -5.819067, 162.8771825768054);(43.386264, -5.819453, 163.6250267690048);251.84045561025124;255.76491233451586;8.333333333333334;7.333333333333334;6004.002336090967;15.010005840227418;0.0;0.0;0.006651712534273333;0.024943922003524997;0.002161806573638833;0.00016629281335683331;0.0;6.72298935394006e-07
(43.386264, -5.819453, 163.6250267690048);(43.386324471734845, -5.819999882771146, 164.353565803729);255.76491233451586;267.98838057458994;7.333333333333334;0;6732.838437874985;16.83209609468746;0.0;0.0;0.0023948367210122547;0.008980637703795955;0.0007783219343289829;5.9870918025306375e-05;0.0;7.539110891111041e-07
(43.386324471734845, -5.819999882771146, 164.353565803729);(43.386264, -5.820304, 163.1993382554501);267.98838057458994;274.11835039420043;0;8.333333333333334;-4496.1552412718665;-11.240388103179667;0.0;0.0;0.0;0.0;0.0;0.0;0.0;5.034581294045399e-07
(43.386264, -5.820304, 163.1993382554501);(43.386174, -5.820606, 163.784192610532);274.11835039420043;277.29050558773514;8.333333333333334;8.333333333333334;4718.48371522462;11.79620928806155;0.0;0.0;0.0064672581687509655;0.02425221813281612;0.0021018589048440637;0.00016168145421877414;0.0;5.283536140999464e-07
(43.386174, -5.820606, 163.784192610532);(43.385942, -5.820979, 164.0474150041118);277.29050558773514;282.0571410773875;8.333333333333334;8.333333333333334;3999.1997622312965;9.997999405578241;0.0;0.0;0.0036478193247471784;0.013679322467801918;0.001185541280542833;9.119548311867946e-05;0.0;4.478118684798934e-07
(43.385942, -5.820979, 164.0474150041118);(43.385682, -5.821245, 163.9046409958974);282.0571410773875;286.3820827202556;8.333333333333334;4.333333333333334;1705.9931334096132;4.264982833524033;0.0;0.0;0.001715020007689201;0.006431325028834503;0.0005573815024989904;4.287550019223002e-05;0.0;1.9102926857068305e-07
(43.385682, -5.821245, 163.9046409958974);(43.385376, -5.821448, 164.9122088178992);286.3820827202556;291.6930591070386;4.333333333333334;5.888888888888889;7576.675908664871;18.941689771662176;0.0;0.0;0.0062026389818053695;0.023259896181770132;0.002015857669086745;0.00015506597454513423;0.0;8.484019355507636e-07
(43.385376, -5.821448, 164.9122088178992);(43.385152, -5.821513, 165.0115176131949);291.6930591070386;294.91755529218443;5.888888888888889;4.888888888888889;2284.218284227771;5.710545710569428;0.0;0.0;0.0030799800260949716;0.011549925097856142;0.0010009935084808656;7.699950065237428e-05;0.0;2.557766368407499e-07
(43.385152, -5.821513, 165.0115176131949);(43.38488, -5.821572, 166.4234413160011);294.91755529218443;299.35877860594223;4.888888888888889;5.888888888888889;9204.738450188399;23.011846125470996;0.0;0.0;0.009011166322883837;0.03379187371081439;0.002928629054937247;0.00022527915807209594;0.0;1.030706985672604e-06
(43.38488, -5.821572, 166.4234413160011);(43.38463248616602, -5.821483144283495, 167.1531824907288);299.35877860594223;309.01282700747635;5.888888888888889;0;5575.834420137631;13.939586050344078;0.0;0.0;0.00251114945151633;0.009416810443186237;0.0008161235717428073;6.277873628790825e-05;0.0;6.243587409706683e-07
(43.38463248616602, -5.821483144283495, 167.1531824907288);(43.384333, -5.821324, 166.9522901056334);309.01282700747635;316.2299271419781;0;7.888888888888889;781.9525217846451;1.9548813044616127;0.0;0.0;0.00047107474049359557;0.0017665302768509832;0.00015309929066041855;1.1776868512339887e-05;0.0;8.75598155380904e-08
(43.384333, -5.821324, 166.9522901056334);(43.384096, -5.821103, 167.3083207160234);316.2299271419781;319.4500431786809;7.888888888888889;11.88888888888889;3978.0942496296793;9.945235624074199;0.0;0.0;0.0053712542522603626;0.020142203445976357;0.0017456576319846177;0.00013428135630650905;0.0;4.454507168742812e-07
(43.384096, -5.821103, 167.3083207160234);(43.383912, -5.820808, 167.4893805589527);319.4500431786809;321.8903808253217;11.88888888888889;13.88888888888889;3208.3912381531372;8.020978095382842;0.0;0.0;0.0057162283020986806;0.021435856132870055;0.0018577741981820714;0.000142905707552467;0.0;3.5926272264769447e-07
(43.383912, -5.820808, 167.4893805589527);(43.383771, -5.820446, 167.0662357714027);321.8903808253217;324.28468785564013;13.88888888888889;13.88888888888889;459.96038715137337;1.1499009678784333;0.0;0.0;0.0008352428259617966;0.003132160597356737;0.0002714539184375839;2.0881070649044915e-05;0.0;5.1504524576510374e-08
(43.383771, -5.820446, 167.0662357714027);(43.383682, -5.820098, 167.6946302223951);324.28468785564013;326.4362191227741;13.88888888888889;13.88888888888889;5463.719644269869;13.659299110674672;0.0;0.0;0.011041114374701814;0.041404178905131796;0.0035883621717780895;0.0002760278593675453;0.0;6.118059208705044e-07
(43.383682, -5.820098, 167.6946302223951);(43.383685, -5.819663, 167.1036640899256);326.4362191227741;328.9742475776403;13.88888888888889;5.888888888888889;-237.05001957410207;-0.5926250489352551;0.0;0.0;0.0;0.0;0.0;0.0;0.0;2.6543951634418288e-08
(43.383685, -5.819663, 167.1036640899256);(43.383515, -5.819456, 167.1376055413857);328.9742475776403;337.09357254934076;5.888888888888889;0.3333333333333339;2119.086596915974;5.297716492289935;0.0;0.0;0.0011347519675224435;0.004255319878209163;0.00036879438944479416;2.8368799188061083e-05;0.0;2.3728720466399032e-07
(43.383515, -5.819456, 167.1376055413857);(43.383178, -5.819359, 167.1659710789099);337.09357254934076;345.9220953298724;0.3333333333333339;3.333333333333334;2079.881958307033;5.199704895767582;0.0;0.0;0.0010242897097189128;0.0038410864114459225;0.00033289415565864665;2.560724274297282e-05;0.0;2.3289725259923937e-07
(43.383178, -5.819359, 167.1659710789099);(43.382941, -5.819292, 167.4039720017463);345.9220953298724;350.32140148862993;3.333333333333334;6.888888888888889;2924.7984820845913;7.311996205211479;0.0;0.0;0.0028905728950425233;0.010839648356409461;0.0009394361908888199;7.226432237606308e-05;0.0;3.275078561686939e-07
(43.382941, -5.819292, 167.4039720017463);(43.38256674342976, -5.819190544574958, 168.1421691132709);350.32140148862993;362.6267075054341;6.888888888888889;0;6468.992477594791;16.17248119398698;0.0;0.0;0.0022856850704893513;0.008571319014335067;0.0007428476479090392;5.7142126762233776e-05;0.0;7.243735998516834e-07
(43.38256674342976, -5.819190544574958, 168.1421691132709);(43.382316, -5.819153, 167.8361818837002);362.6267075054341;368.9319456508901;0;1.8888888888888893;-129.03353485938663;-0.3225838371484666;0.0;0.0;0.0;0.0;0.0;0.0;0.0;1.4448697290466347e-08
(43.382316, -5.819153, 167.8361818837002);(43.382038, -5.819072, 169.767480163835);368.9319456508901;376.12638596284324;1.8888888888888893;0.8888888888888893;11685.959078959893;29.214897697399735;0.0;0.0;0.0070621918497527645;0.026483219436572863;0.0022952123511696485;0.00017655479624381908;0.0;1.3085518272783267e-06
(43.382038, -5.819072, 169.767480163835);(43.381739, -5.818988, 174.1634650779888);376.12638596284324;394.07830385728624;0.8888888888888893;0.8888888888888893;23723.006603313574;59.30751650828393;0.0;0.0;0.005745542486179517;0.021545784323173188;0.001867301308008343;0.0001436385621544879;0.0;2.6564251522214494e-06
(43.381739, -5.818988, 174.1634650779888);(43.381474, -5.819031, 178.2745262859389);394.07830385728624;427.4312106577801;0.8888888888888893;0.8888888888888893;21813.33172711529;54.53332931778822;0.0;0.0;0.002843547439324954;0.010663302897468576;0.0009241529177806101;7.108868598312386e-05;0.0;2.4425933003397423e-06
(43.381474, -5.819031, 178.2745262859389);(43.381254, -5.819191, 180.8998061819002);427.4312106577801;437.0086025509335;0.8888888888888893;2.8888888888888893;14456.662656357159;36.1416566408929;0.0;0.0;0.0065628571670512045;0.024610714376442015;0.0021329285792916416;0.0001640714291762801;0.0;1.6188187963933368e-06
(43.381254, -5.819191, 180.8998061819002);(43.380896, -5.819522, 180.5348407542333);437.0086025509335;443.5011981872366;2.8888888888888893;11.88888888888889;882.0708233317021;2.205177058329255;0.0;0.0;0.0005906867994028537;0.002215075497760701;0.00019197320980592745;1.4767169985071342e-05;0.0;9.877208203699676e-08
(43.380896, -5.819522, 180.5348407542333);(43.380748, -5.819838, 180.8378264904022);443.5011981872366;445.86228982179637;11.88888888888889;13.88888888888889;3582.918585539006;8.957296463847515;0.0;0.0;0.006597756167372253;0.02474158562764595;0.002144270754395982;0.0001649439041843063;0.0;4.012063878611608e-07
(43.380748, -5.819838, 180.8378264904022);(43.380518, -5.819761, 181.0849362174049);445.86228982179637;447.75616662230254;13.88888888888889;13.88888888888889;3119.4466313901435;7.798616578475358;0.0;0.0;0.0071614011202849985;0.026855254201068744;0.0023274553640926245;0.00017903502800712496;0.0;3.493081527665254e-07
(43.380518, -5.819761, 181.0849362174049);(43.380449, -5.819366, 182.3243056675419);447.75616662230254;450.12600276804477;13.88888888888889;13.88888888888889;8554.779814725836;21.38694953681459;0.0;0.0;0.015695049176062254;0.05885643441023345;0.0051008909822202325;0.00039237622940155634;0.0;9.579454512998115e-07
(43.380449, -5.819366, 182.3243056675419);(43.380284, -5.81908, 183.6753282286227);450.12600276804477;452.25358507116596;13.88888888888889;13.88888888888889;8865.941853343369;22.164854633358424;0.0;0.0;0.018118017441137873;0.06794256540426703;0.00588835566836981;0.00045295043602844683;0.0;9.927919500665894e-07
(43.380284, -5.81908, 183.6753282286227);(43.380073, -5.818807, 185.8066204413772);452.25358507116596;454.57435215239707;13.88888888888889;13.88888888888889;12932.058494561783;32.33014623640446;0.0;0.0;0.02422748139415899;0.09085305522809621;0.007873931453101671;0.0006056870348539747;0.0;1.4481156778289517e-06
(43.380073, -5.818807, 185.8066204413772);(43.379854, -5.818547, 187.568976550363);454.57435215239707;456.89172343321064;13.88888888888889;4.888888888888889;11097.954153059052;27.74488538264763;0.0;0.0;0.02082185749776682;0.07808196561662557;0.006767103686774216;0.0005205464374441705;0.0;1.2427422650915313e-06
(43.379854, -5.818547, 187.568976550363);(43.37963723317274, -5.818374482424776, 188.3598660854623);456.89172343321064;468.28350220471594;4.888888888888889;0;5941.753154280678;14.854382885701696;0.0;0.0;0.0022677502683827217;0.008504063506435205;0.0007370188372243844;5.669375670956803e-05;0.0;6.653558135855538e-07
(43.37963723317274, -5.818374482424776, 188.3598660854623);(43.379347, -5.81795, 189.9334574714303);468.28350220471594;477.81924365592243;0;8.88888888888889;10243.940961923683;25.609852404809207;0.0;0.0;0.004670730008295168;0.01751523753110688;0.0015179872526959294;0.00011676825020737919;0.0;1.147114691563947e-06
(43.379347, -5.81795, 189.9334574714303);(43.379106, -5.817648, 190.5447624428198);477.81924365592243;481.1505942154444;8.88888888888889;12.88888888888889;5366.35517488167;13.415887937204175;0.0;0.0;0.007003759767801978;0.026264099129257416;0.002276221924535643;0.00017509399419504945;0.0;6.00924220909936e-07
(43.379106, -5.817648, 190.5447624428198);(43.378801, -5.817839, 190.9917759802192);481.1505942154444;483.93299652827375;12.88888888888889;13.88888888888889;4793.115473558279;11.982788683895697;0.0;0.0;0.007489798436999037;0.028086744138746386;0.002434184492024687;0.00018724496092497591;0.0;5.367333761534118e-07
(43.378801, -5.817839, 190.9917759802192);(43.378723, -5.818318, 192.0496401265264);483.93299652827375;486.79664521857944;13.88888888888889;13.88888888888889;8093.196728637334;20.232991821593334;0.0;0.0;0.0122877544241938;0.04607907909072675;0.003993520187862985;0.00030719386060484497;0.0;9.062781543321327e-07
(43.378723, -5.818318, 192.0496401265264);(43.378684, -5.818629, 192.6108680414036);486.79664521857944;488.6378787813792;13.88888888888889;13.88888888888889;4606.328657400686;11.515821643501715;0.0;0.0;0.010877227260233444;0.04078960222587542;0.003535098859575869;0.00027193068150583606;0.0;5.158187177912055e-07
(43.378684, -5.818629, 192.6108680414036);(43.378601, -5.818953, 193.2289409982041);488.6378787813792;490.6415427768538;13.88888888888889;13.88888888888889;5047.872252124824;12.61968063031206;0.0;0.0;0.010953568418148749;0.04107588156805781;0.0035599097358983436;0.00027383921045371875;0.0;5.652636729827995e-07
(43.378601, -5.818953, 193.2289409982041);(43.378559, -5.819262, 193.5665274159983);490.6415427768538;492.4755242349042;13.88888888888889;13.88888888888889;3476.3454868411595;8.690863717102898;0.0;0.0;0.008241384081946468;0.030905190307299255;0.002678449826632602;0.00020603460204866167;0.0;3.8928358728118915e-07
(43.378559, -5.819262, 193.5665274159983);(43.378485, -5.819706, 194.2872318997979);492.4755242349042;495.13293417170877;13.88888888888889;13.88888888888889;6194.946054650623;15.487365136626558;0.0;0.0;0.01013563910131455;0.03800864662992957;0.003294082707927229;0.0002533909775328637;0.0;6.937151465185328e-07
(43.378485, -5.819706, 194.2872318997979);(43.37842, -5.820051, 194.8012808347121);495.13293417170877;497.2120023072066;13.88888888888889;13.88888888888889;4595.082525901029;11.487706314752572;0.0;0.0;0.009609410743552503;0.03603529028832188;0.003123058491654563;0.00024023526858881256;0.0;5.145617811377197e-07
(43.37842, -5.820051, 194.8012808347121);(43.378361, -5.820368, 195.3514875406399);497.2120023072066;499.12089491542207;13.88888888888889;13.88888888888889;4609.097625646278;11.522744064115695;0.0;0.0;0.010498000153527904;0.03936750057572964;0.0034118500498965688;0.0002624500038381976;0.0;5.161317823351889e-07
(43.378361, -5.820368, 195.3514875406399);(43.378435, -5.820788, 196.5299166478217);499.12089491542207;501.6419862373842;13.88888888888889;13.88888888888889;8344.54726647522;20.86136816618805;0.0;0.0;0.014390847317972745;0.053965677442397796;0.004677025378341142;0.0003597711829493186;0.0;9.344333273293632e-07
(43.378435, -5.820788, 196.5299166478217);(43.3785, -5.821134, 195.8713412042707);501.6419862373842;503.72670378054613;13.88888888888889;13.88888888888889;-1282.0351513517849;-3.2050878783794623;0.0;0.0;0.0;0.0;0.0;0.0;0.0;1.4356417024127192e-07
(43.3785, -5.821134, 195.8713412042707);(43.378337, -5.821382, 196.0701148239896);503.72670378054613;505.6745155740133;13.88888888888889;13.88888888888889;2881.2566830910846;7.203141707727712;0.0;0.0;0.006431423719671814;0.024117838948769302;0.0020902127088933396;0.00016078559299179536;0.0;3.2264741408207933e-07
(43.378337, -5.821382, 196.0701148239896);(43.378003, -5.821292, 196.4503273312002);505.6745155740133;508.397369799852;13.88888888888889;13.88888888888889;4538.65151310441;11.346628782761025;0.0;0.0;0.007247272829011489;0.02717727310879308;0.0023553636694287334;0.00018118182072528722;0.0;5.08245298473895e-07
(43.378003, -5.821292, 196.4503273312002);(43.37772, -5.821404, 196.7810318376869);508.397369799852;510.75358415590654;13.88888888888889;2.8888888888888893;3933.512390283772;9.83378097570943;0.0;0.0;0.007258349708249867;0.027218811405937002;0.002358963655181207;0.00018145874270624667;0.0;4.404812238747032e-07
(43.37772, -5.821404, 196.7810318376869);(43.377506381499146, -5.821493170771747, 199.4852359043434);510.75358415590654;527.9289226595694;2.8888888888888893;0;15113.082189465218;37.78270547366304;0.0;0.0;0.0038257792114933685;0.01434667204310013;0.001243378243735345;9.564448028733422e-05;0.0;1.6923901234251086e-06
(43.377506381499146, -5.821493170771747, 199.4852359043434);(43.377213, -5.821704, 202.2642611498013);527.9289226595694;538.613165779198;0;0.8888888888888893;15695.002995428951;39.237507488572376;0.0;0.0;0.006386895421073011;0.023950857829023786;0.0020757410118487285;0.00015967238552682525;0.0;1.7575586401927032e-06
(43.377213, -5.821704, 202.2642611498013);(43.376935, -5.821879, 204.8174420548603);538.613165779198;548.6418991797153;0.8888888888888893;0.8888888888888893;14695.953765069557;36.73988441267389;0.0;0.0;0.006371238380828845;0.023892143928108164;0.0020706524737693745;0.0001592809595207211;0.0;1.6456873402740512e-06
(43.376935, -5.821879, 204.8174420548603);(43.376605, -5.822076, 207.2347946595401);548.6418991797153;557.7531486151762;0.8888888888888893;7.888888888888889;14335.810104674172;35.83952526168543;0.0;0.0;0.006840950803977681;0.025653565514916304;0.0022233090112927464;0.00017102377009944203;0.0;1.6053617019104867e-06
(43.376605, -5.822076, 207.2347946595401);(43.376321, -5.822246, 209.3345754193142);557.7531486151762;561.997830494225;7.888888888888889;8.333333333333334;12521.048048769242;31.302620121923106;0.0;0.0;0.012825304909463379;0.04809489341048767;0.0041682240955755985;0.00032063262273658447;0.0;1.4021442931834118e-06
(43.376321, -5.822246, 209.3345754193142);(43.376144, -5.822593, 209.6176141817123);561.997830494225;566.1156280554172;8.333333333333334;8.333333333333334;3466.7495943897798;8.66687398597445;0.0;0.0;0.003660409259912674;0.013726534724672529;0.001189633009471619;9.151023149781686e-05;0.0;3.8821775699219076e-07
(43.376144, -5.822593, 209.6176141817123);(43.375931, -5.822714, 209.3814228586853);566.1156280554172;569.1894998869457;8.333333333333334;8.333333333333334;342.9809417014137;0.8574523542535343;0.0;0.0;0.0004851280623879603;0.001819230233954851;0.00015766662027608708;1.2128201559699007e-05;0.0;3.84081159747988e-08
(43.375931, -5.822714, 209.3814228586853);(43.375666, -5.822838, 207.8912817826495);569.1894998869457;572.9226189535924;8.333333333333334;8.333333333333334;-5603.104478522463;-14.007761196306157;0.0;0.0;0.0;0.0;0.0;0.0;0.0;6.274536464231062e-07
(43.375666, -5.822838, 207.8912817826495);(43.375459974311056, -5.82307718237339, 206.5098355449736);572.9226189535924;580.1212806410565;8.333333333333334;0;-5128.2065894649195;-12.820516473662298;0.0;0.0;0.0;0.0;0.0;0.0;0.0;5.742729126343467e-07
(43.375459974311056, -5.82307718237339, 206.5098355449736);(43.37522, -5.823436, 204.3890836117789);580.1212806410565;589.5897029417387;0;8.333333333333334;-8627.55228649702;-21.568880716242553;0.0;0.0;0.0;0.0;0.0;0.0;0.0;9.661406412912992e-07
(43.37522, -5.823436, 204.3890836117789);(43.375058, -5.823656, 203.4406726900488);589.5897029417387;592.6298178489636;8.333333333333334;8.333333333333334;-3246.8813476927253;-8.117203369231813;0.0;0.0;0.0;0.0;0.0;0.0;0.0;3.635959912824897e-07
(43.375058, -5.823656, 203.4406726900488);(43.374812, -5.823962, 201.7193941622972);592.6298178489636;597.0583981526687;8.333333333333334;8.333333333333334;-6426.279286488441;-16.065698216221104;0.0;0.0;0.0;0.0;0.0;0.0;0.0;7.196347617324505e-07
(43.374812, -5.823962, 201.7193941622972);(43.374576, -5.824261, 200.2681555757299);597.0583981526687;601.342686462748;8.333333333333334;8.333333333333334;-5151.586804176029;-12.878967010440071;0.0;0.0;0.0;0.0;0.0;0.0;0.0;5.768905165778904e-07
(43.374576, -5.824261, 200.2681555757299);(43.374323, -5.824484, 198.6566532161087);601.342686462748;605.3527412053676;8.333333333333334;8.333333333333334;-6086.012360696371;-15.215030901740926;0.0;0.0;0.0;0.0;0.0;0.0;0.0;6.815301073211325e-07
(43.374323, -5.824484, 198.6566532161087);(43.374046, -5.824638, 195.9348754044622);605.3527412053676;609.3378507872605;8.333333333333334;8.333333333333334;-11598.749754976205;-28.996874387440513;0.0;0.0;0.0;0.0;0.0;0.0;0.0;1.2988614008808951e-06
(43.374046, -5.824638, 195.9348754044622);(43.373738, -5.824704, 192.3287433544174);609.3378507872605;613.4939726682235;8.333333333333334;8.333333333333334;-15851.808827769755;-39.62952206942439;0.0;0.0;0.0;0.0;0.0;0.0;0.0;1.7751255242007364e-06
(43.373738, -5.824704, 192.3287433544174);(43.373512, -5.824801, 189.8955223215744);613.4939726682235;616.6512347463085;8.333333333333334;8.333333333333334;-10549.958338859597;-26.37489584714899;0.0;0.0;0.0;0.0;0.0;0.0;0.0;1.1814070577182652e-06
(43.373512, -5.824801, 189.8955223215744);(43.373248, -5.825041, 189.1621631346643);616.6512347463085;620.8745030740395;8.333333333333334;8.333333333333334;-1599.3480603931073;-3.998370150982768;0.0;0.0;0.0;0.0;0.0;0.0;0.0;1.7909822930263888e-07
(43.373248, -5.825041, 189.1621631346643);(43.373169, -5.825429, 190.1754922568798);620.8745030740395;624.7922200502745;8.333333333333334;5.333333333333334;6999.812686400744;17.499531716001858;0.0;0.0;0.0077682916827211835;0.029131093810204435;0.0025246947968843845;0.00019420729206802954;0.0;7.838537296151079e-07
(43.373169, -5.825429, 190.1754922568798);(43.37318851818499, -5.825653155740056, 193.5572186363861);624.7922200502745;631.6531574181824;5.333333333333334;0;17455.74531508915;43.63936328772287;0.0;0.0;0.011061833212938351;0.041481874548518816;0.003595095794204964;0.00027654583032345875;0.0;1.954736865240581e-06
(43.37318851818499, -5.825653155740056, 193.5572186363861);(43.373213, -5.826183, 194.7634818609804);631.6531574181824;641.97979792724;0;8.333333333333334;8200.014042902243;20.50003510725561;0.0;0.0;0.003452452415465539;0.012946696557995772;0.0011220470350263002;8.631131038663849e-05;0.0;9.182600732485469e-07
(43.373213, -5.826183, 194.7634818609804);(43.373235, -5.826522, 195.9844307433814);641.97979792724;645.2897577670478;8.333333333333334;8.333333333333334;7728.263282286221;19.320658205715553;0.0;0.0;0.010151526402671852;0.03806822401001944;0.0032992460808683515;0.0002537881600667963;0.0;8.654333524685379e-07
(43.373235, -5.826522, 195.9844307433814);(43.373254, -5.826908, 197.5276054805145);645.2897577670478;649.0523296854396;8.333333333333334;8.333333333333334;9556.991084545272;23.89247771136318;0.0;0.0;0.011043545758444111;0.041413296594165414;0.003589152371494336;0.0002760886439611028;0.0;1.0702219518320295e-06
(43.373254, -5.826908, 197.5276054805145);(43.373299, -5.827349, 197.656341294758);649.0523296854396;653.3830211631218;8.333333333333334;8.333333333333334;2762.4053064406057;6.906013266101514;0.0;0.0;0.002773334908751718;0.010400005907818942;0.0009013338453443084;6.933337271879296e-05;0.0;3.09343274257543e-07
(43.373299, -5.827349, 197.656341294758);(43.373329, -5.827721, 197.5817253151909);653.3830211631218;657.0229366714008;8.333333333333334;8.333333333333334;1403.8308254349622;3.5095770635874057;0.0;0.0;0.0016768554848642127;0.006288208068240798;0.0005449780325808691;4.192138712160532e-05;0.0;1.5720564535989469e-07
(43.373329, -5.827721, 197.5817253151909);(43.373371, -5.828091, 197.5897853467613);657.0229366714008;660.6646636150841;8.333333333333334;8.333333333333334;1818.1602303327377;4.545400575831844;0.0;0.0;0.0021706856669797864;0.008140071251174198;0.0007054728417684306;5.426714167449465e-05;0.0;2.036036582139881e-07
(43.373371, -5.828091, 197.5897853467613);(43.373416, -5.828529, 197.0806181784719);660.6646636150841;664.9664537789229;8.333333333333334;8.333333333333334;-453.9778154115277;-1.1349445385288193;0.0;0.0;0.0;0.0;0.0;0.0;0.0;5.083795734473521e-08
(43.373416, -5.828529, 197.0806181784719);(43.373505, -5.828951, 196.3552618445829);664.9664537789229;669.2386718384494;8.333333333333334;8.333333333333334;-1553.088570532662;-3.882721426331655;0.0;0.0;0.0;0.0;0.0;0.0;0.0;1.7392006707976768e-07
(43.373505, -5.828951, 196.3552618445829);(43.373683, -5.829165, 197.4897104064003);669.2386718384494;672.3951176450523;8.333333333333334;1.333333333333334;7213.875801796772;18.03468950449193;0.0;0.0;0.009936707081586739;0.037262651555950266;0.0032294298015156904;0.0002484176770396685;0.0;8.078347177951883e-07
(43.373683, -5.829165, 197.4897104064003);(43.373673, -5.829474, 198.2486729379743);672.3951176450523;678.4926337084056;1.333333333333334;0.8888888888888893;5266.006450928127;13.16501612732032;0.0;0.0;0.0037549192135847087;0.014080947050942658;0.0012203487444150303;9.387298033961772e-05;0.0;5.897062812016903e-07
(43.373673, -5.829474, 198.2486729379743);(43.373708, -5.82984, 198.6924229077995);678.4926337084056;685.309002959092;0.8888888888888893;2.8888888888888893;3919.538395135711;9.798845987839279;0.0;0.0;0.0025000804176626198;0.009375301566234824;0.0008125261357403514;6.250201044156549e-05;0.0;4.3892418238992076e-07
(43.373708, -5.82984, 198.6924229077995);(43.37383, -5.830239, 199.5300898011774);685.309002959092;691.2630498329498;2.8888888888888893;3.8888888888888893;6222.909696976365;15.557274242440913;0.0;0.0;0.004544157896385197;0.01704059211144449;0.001476851316325189;0.00011360394740962992;0.0;6.968645130431147e-07
(43.37383, -5.830239, 199.5300898011774);(43.373966, -5.83054, 199.9183927252889);691.2630498329498;695.7544083860137;3.8888888888888893;4.888888888888889;3637.6676220243844;9.094169055060961;0.0;0.0;0.0035214169601145923;0.01320531360042972;0.0011444605120372424;8.80354240028648e-05;0.0;4.0735977244525635e-07
(43.373966, -5.83054, 199.9183927252889);(43.374259, -5.830544, 200.4880934683606);695.7544083860137;700.1602024137752;4.888888888888889;3.8888888888888893;4772.609789873675;11.931524474684188;0.0;0.0;0.004709815578423571;0.01766180841908839;0.0015306900629876606;0.00011774538946058927;0.0;5.344551763858382e-07
(43.374259, -5.830544, 200.4880934683606);(43.374418, -5.830218, 202.8396635046229);700.1602024137752;710.3758029175601;3.8888888888888893;0.3333333333333339;13631.901392850337;34.079753482125845;0.0;0.0;0.0058018259884667816;0.02175684745675043;0.0018855934462517039;0.00014504564971166953;0.0;1.5265548501221816e-06
(43.374418, -5.830218, 202.8396635046229);(43.374509, -5.829926, 204.438752877526);710.3758029175601;718.0960094761699;0.3333333333333339;6.333333333333334;9321.873650462638;23.304684126156594;0.0;0.0;0.005249844693804731;0.019686917601767738;0.0017061995254865374;0.00013124611734511825;0.0;1.0439025669097882e-06
(43.374509, -5.829926, 204.438752877526);(43.374698, -5.829718, 205.0144874127582);718.0960094761699;721.7679019302915;6.333333333333334;8.333333333333334;4387.014959489365;10.967537398723412;0.0;0.0;0.005194590615889763;0.019479714809586608;0.001688241950164173;0.00012986476539724408;0.0;4.912768638696955e-07
(43.374698, -5.829718, 205.0144874127582);(43.374977, -5.829991, 205.2248585550115);721.7679019302915;726.3378688297214;8.333333333333334;8.333333333333334;3263.466491190705;8.158666227976761;0.0;0.0;0.003104833154497778;0.011643124329366665;0.0010090707752117777;7.762082886244444e-05;0.0;3.654572415125301e-07
(43.374977, -5.829991, 205.2248585550115);(43.37520543616351, -5.830179383387032, 204.3558369250968);726.3378688297214;733.446061570132;8.333333333333334;0;-2637.618062593134;-6.594045156482834;0.0;0.0;0.0;0.0;0.0;0.0;0.0;2.9537205668276554e-07
(43.37520543616351, -5.830179383387032, 204.3558369250968);(43.375483, -5.830318, 203.1533936709166);733.446061570132;741.3228266009536;0;8.333333333333334;-4376.48426048944;-10.941210651223601;0.0;0.0;0.0;0.0;0.0;0.0;0.0;4.900979413465004e-07
(43.375483, -5.830318, 203.1533936709166);(43.375574, -5.83064, 202.2372013377026);741.3228266009536;744.6811144101896;8.333333333333334;8.333333333333334;-2970.983929749815;-7.427459824374538;0.0;0.0;0.0;0.0;0.0;0.0;0.0;3.3270382420440113e-07
(43.375574, -5.83064, 202.2372013377026);(43.375811, -5.830949, 200.1670131422579);744.6811144101896;749.0416137923623;8.333333333333334;8.333333333333334;-8248.848707800957;-20.622121769502392;0.0;0.0;0.0;0.0;0.0;0.0;0.0;9.237418447261803e-07
(43.375811, -5.830949, 200.1670131422579);(43.375762, -5.831318, 197.4243416171521);749.0416137923623;752.6891428322408;8.333333333333334;8.333333333333334;-11891.431086483535;-29.72857771620884;0.0;0.0;0.0;0.0;0.0;0.0;0.0;1.3316516833004738e-06
(43.375762, -5.831318, 197.4243416171521);(43.375836, -5.831714, 194.0268001630902);752.6891428322408;756.664631399587;8.333333333333334;8.333333333333334;-14954.572922915871;-37.38643230728968;0.0;0.0;0.0;0.0;0.0;0.0;0.0;1.6746695514082195e-06
(43.375836, -5.831714, 194.0268001630902);(43.37603, -5.831943, 191.564640388824);756.664631399587;760.0777247702828;8.333333333333334;8.333333333333334;-10617.705555565553;-26.544263888913882;0.0;0.0;0.0;0.0;0.0;0.0;0.0;1.1890071483319531e-06
(43.37603, -5.831943, 191.564640388824);(43.375932, -5.832318, 191.1496726525947);760.0777247702828;763.9515928492932;8.333333333333334;8.333333333333334;-217.7633689162338;-0.5444084222905845;0.0;0.0;0.0;0.0;0.0;0.0;0.0;2.4385863538588143e-08
(43.375932, -5.832318, 191.1496726525947);(43.375693, -5.832142, 191.8962931875139);763.9515928492932;767.5685586649719;8.333333333333334;8.333333333333334;5479.03740448892;13.697593511222301;0.0;0.0;0.006586156179686665;0.024698085673824994;0.0021405007583981664;0.00016465390449216664;0.0;6.135610588989474e-07
(43.375693, -5.832142, 191.8962931875139);(43.375447, -5.832115, 194.6180672887713);767.5685586649719;770.8587268440834;8.333333333333334;0.3333333333333339;15086.60598752371;37.71651496880927;0.0;0.0;0.01993634838870221;0.07476130645763329;0.006479313226328219;0.0004984087097175553;0.0;1.689455300346386e-06
(43.375447, -5.832115, 194.6180672887713);(43.37517, -5.832088, 197.3994903685525);770.8587268440834;782.6745427096056;0.3333333333333339;0.8888888888888893;15604.217765210906;39.01054441302726;0.0;0.0;0.0057418316126692836;0.021531868547509814;0.001866095274117517;0.00014354579031673208;0.0;1.7474273318404461e-06
(43.37517, -5.832088, 197.3994903685525);(43.374902, -5.83192, 200.0340875275433);782.6745427096056;792.3355600702309;0.8888888888888893;0.8888888888888893;14887.346997811275;37.21836749452819;0.0;0.0;0.006699873649587143;0.025124526185951783;0.0021774589361158213;0.00016749684123967858;0.0;1.6671533332993488e-06
(43.374902, -5.83192, 200.0340875275433);(43.374649, -5.831888, 200.7142838640139);792.3355600702309;798.7671870164893;0.8888888888888893;3.8888888888888893;4958.222501285135;12.395556253212838;0.0;0.0;0.003351794081987851;0.01256922780745444;0.0010893330766460515;8.379485204969628e-05;0.0;5.552453634453277e-07
(43.374649, -5.831888, 200.7142838640139);(43.374512, -5.831606, 199.8265958735719);798.7671870164893;802.7531596801962;3.8888888888888893;9.88888888888889;-2883.488823699973;-7.208722059249933;0.0;0.0;0.0;0.0;0.0;0.0;0.0;3.229068913074921e-07
(43.374512, -5.831606, 199.8265958735719);(43.374296, -5.831376, 198.5924009410664);802.7531596801962;806.0882650426239;9.88888888888889;8.333333333333334;-4380.920673678203;-10.952301684195506;0.0;0.0;0.0;0.0;0.0;0.0;0.0;4.905964074041454e-07
(43.374296, -5.831376, 198.5924009410664);(43.374072, -5.831206, 197.6640308853239);806.0882650426239;809.5017412688427;8.333333333333334;8.333333333333334;-3018.539594515292;-7.54634898628823;0.0;0.0;0.0;0.0;0.0;0.0;0.0;3.380304123628975e-07
(43.374072, -5.831206, 197.6640308853239);(43.373731, -5.831386, 194.8707477869466);809.5017412688427;814.37334671213;8.333333333333334;6.333333333333334;-11616.467685018657;-29.04116921254664;0.0;0.0;0.0;0.0;0.0;0.0;0.0;1.3008660977592967e-06
(43.373731, -5.831386, 194.8707477869466);(43.373505, -5.83143, 193.1155343381688);814.37334671213;817.1568234019697;6.333333333333334;11.88888888888889;-7308.317418085281;-18.270793545213202;0.0;0.0;0.0;0.0;0.0;0.0;0.0;8.184181805958227e-07
(43.373505, -5.83143, 193.1155343381688);(43.373286, -5.831571, 193.3205420728773);817.1568234019697;819.2424044024407;11.88888888888889;13.88888888888889;2682.547076244734;6.706367690611835;0.0;0.0;0.005592325666062436;0.020971221247734127;0.0018175058414702913;0.00013980814165156084;0.0;3.0040353822196645e-07
(43.373286, -5.831571, 193.3205420728773);(43.373025, -5.831681, 193.1859009461477);819.2424044024407;821.4266402457097;13.88888888888889;13.88888888888889;1273.728129256945;3.1843203231423627;0.0;0.0;0.002535416862212742;0.009507813233297784;0.0008240104802191412;6.338542155531856e-05;0.0;1.426377727643313e-07
(43.373025, -5.831681, 193.1859009461477);(43.372751, -5.831785, 191.9783073095605);821.4266402457097;823.7008871497396;13.88888888888889;8.88888888888889;-4019.111544310547;-10.047778860776367;0.0;0.0;0.0;0.0;0.0;0.0;0.0;4.500780253485459e-07
(43.372751, -5.831785, 191.9783073095605);(43.372456, -5.831932, 191.5818977896124);823.7008871497396;829.4073341120958;8.88888888888889;3.333333333333334;251.10453366954266;0.6277613341738566;0.0;0.0;0.00019132024694937496;0.0007174509260601561;6.217908025854687e-05;4.783006173734373e-06;0.0;2.8119799573218527e-08
(43.372456, -5.831932, 191.5818977896124);(43.372237, -5.832093, 191.2335900804028);829.4073341120958;834.1403064537864;3.333333333333334;8.333333333333334;-296.5813534609047;-0.7414533836522618;0.0;0.0;0.0;0.0;0.0;0.0;0.0;3.321249599586906e-08
(43.372237, -5.832093, 191.2335900804028);(43.371926, -5.83225, 190.0066037187353);834.1403064537864;838.5587808876306;8.333333333333334;8.333333333333334;-4040.212831594119;-10.100532078985298;0.0;0.0;0.0;0.0;0.0;0.0;0.0;4.52440936821219e-07
(43.371926, -5.83225, 190.0066037187353);(43.371674, -5.832278, 188.7828553766012);838.5587808876306;841.9294628634846;8.333333333333334;8.333333333333334;-4519.758319126747;-11.299395797816867;0.0;0.0;0.0;0.0;0.0;0.0;0.0;5.061424630549757e-07
(43.371674, -5.832278, 188.7828553766012);(43.371413, -5.832452, 188.7756261769682);841.9294628634846;845.7988023473811;8.333333333333334;8.333333333333334;1806.7037869445119;4.51675946736128;0.0;0.0;0.0020301226834638173;0.007612960062989315;0.0006597898721257407;5.0753067086595434e-05;0.0;2.0232264208762747e-07
(43.371413, -5.832452, 188.7756261769682);(43.371111, -5.832566, 189.2309454549104);845.7988023473811;849.9749369601075;8.333333333333334;8.333333333333334;4270.6809053398765;10.676702263349691;0.0;0.0;0.004446259417193817;0.01667347281447681;0.0014450343105879904;0.00011115648542984541;0.0;4.782498186211844e-07
(43.371111, -5.832566, 189.2309454549104);(43.370906, -5.832703, 188.6251385547221);849.9749369601075;853.0154975095713;8.333333333333334;8.333333333333334;-1589.2002246625577;-3.973000561656394;0.0;0.0;0.0;0.0;0.0;0.0;0.0;1.7796575172046877e-07
(43.370906, -5.832703, 188.6251385547221);(43.370722, -5.832906, 188.1653859419748);853.0154975095713;856.1644180056115;8.333333333333334;8.333333333333334;-806.6290217981173;-2.0165725544952933;0.0;0.0;0.0;0.0;0.0;0.0;0.0;9.032992803859942e-08
(43.370722, -5.832906, 188.1653859419748);(43.370494, -5.832919, 187.4563216241077);856.1644180056115;859.2067413629427;8.333333333333334;8.333333333333334;-2106.121200582773;-5.265303001456932;0.0;0.0;0.0;0.0;0.0;0.0;0.0;2.3585287782857734e-07
(43.370494, -5.832919, 187.4563216241077);(43.370195674344494, -5.832994361796707, 185.7257969388738);859.2067413629427;867.2952422772712;8.333333333333334;0;-6733.731489191007;-16.834328722977517;0.0;0.0;0.0;0.0;0.0;0.0;0.0;7.540733226861818e-07
(43.370195674344494, -5.832994361796707, 185.7257969388738);(43.369882, -5.833277, 186.3084280453622);867.2952422772712;877.3042342642094;0;8.333333333333334;5011.583515827342;12.528958789568355;0.0;0.0;0.0021769918065186597;0.008163719274444974;0.0007075223371185642;5.4424795162966484e-05;0.0;5.612195854712828e-07
(43.369882, -5.833277, 186.3084280453622);(43.369755, -5.833542, 186.0880654817447);877.3042342642094;880.3880272124937;8.333333333333334;8.333333333333334;358.68577469414737;0.8967144367353684;0.0;0.0;0.0005057094929486287;0.0018964105985573572;0.0001643555852083043;1.2642737323715716e-05;0.0;4.01672501953243e-08
(43.369755, -5.833542, 186.0880654817447);(43.369715, -5.833893, 186.198224647902);880.3880272124937;883.8432687826028;8.333333333333334;8.333333333333334;2191.6726391094726;5.479181597773682;0.0;0.0;0.002757842333463342;0.010341908750487534;0.0008962987583755861;6.894605833658354e-05;0.0;2.454334129468568e-07
(43.369715, -5.833893, 186.198224647902);(43.369713, -5.834315, 187.3293309854344);883.8432687826028;887.9477462554865;8.333333333333334;8.333333333333334;7610.848827294564;19.02712206823641;0.0;0.0;0.008062085196911662;0.03023281948841873;0.0026201776889962897;0.00020155212992279154;0.0;8.522980240871666e-07
(43.369713, -5.834315, 187.3293309854344);(43.369705, -5.834697, 187.6917606573552);887.9477462554865;891.6646261982019;8.333333333333334;8.333333333333334;3579.0673450029785;8.947668362507446;0.0;0.0;0.004186619586698354;0.015699823450118826;0.0013606513656769649;0.00010466548966745884;0.0;4.00800904852332e-07
(43.369705, -5.834697, 187.6917606573552);(43.369672, -5.835176, 188.0612430749461);891.6646261982019;896.3441312570991;8.333333333333334;8.333333333333334;4070.144976376808;10.175362440942019;0.0;0.0;0.0037816568810711795;0.014181213304016923;0.0012290384863481334;9.454142202677949e-05;0.0;4.5579431962664787e-07
(43.369672, -5.835176, 188.0612430749461);(43.36956, -5.835565, 188.3011011490598);896.3441312570991;900.4115622947799;8.333333333333334;8.333333333333334;3129.431470495791;7.823578676239477;0.0;0.0;0.003345163976651597;0.012544364912443488;0.001087178292411769;8.36290994162899e-05;0.0;3.5044886531108453e-07
(43.36956, -5.835565, 188.3011011490598);(43.369665, -5.835925, 188.0262837782502);900.4115622947799;904.1824085334434;8.333333333333334;8.333333333333334;407.81671121368316;1.019541778034208;0.0;0.0;0.0004702170344500903;0.0017633138791878385;0.00015282053619627934;1.1755425861252256e-05;0.0;4.5669295452744525e-08
(43.369665, -5.835925, 188.0262837782502);(43.369913, -5.836188, 187.4839030914009);904.1824085334434;908.3627120647393;8.333333333333334;8.333333333333334;-740.1490936832516;-1.850372734208129;0.0;0.0;0.0;0.0;0.0;0.0;0.0;8.288549115360884e-08
(43.369913, -5.836188, 187.4839030914009);(43.37011, -5.836339, 187.688880992122);908.3627120647393;911.3718402878746;8.333333333333334;6.333333333333334;2451.601005298556;6.12900251324639;0.0;0.0;0.0035422667348284863;0.013283500255606824;0.001151236688819258;8.855666837071217e-05;0.0;2.7454223260917844e-07
(43.37011, -5.836339, 187.688880992122);(43.37038461356039, -5.836430386215015, 188.223128519021);911.3718402878746;921.2862914798719;6.333333333333334;0;4460.02286491483;11.150057162287077;0.0;0.0;0.001955872633288222;0.0073345223748308335;0.0006356586058186722;4.889681583220556e-05;0.0;4.994552697503707e-07
(43.37038461356039, -5.836430386215015, 188.223128519021);(43.370579, -5.836316, 189.187791062519);921.2862914798719;928.7080252251114;0;6.333333333333334;6006.089615538161;15.015224038845401;0.0;0.0;0.003518508478936645;0.01319440679601242;0.0011435152556544096;8.796271197341613e-05;0.0;6.725917804556048e-07
(43.370579, -5.836316, 189.187791062519);(43.37074, -5.836589, 188.2010134141892);928.7080252251114;932.587866770764;6.333333333333334;8.333333333333334;-3384.777747963157;-8.461944369907892;0.0;0.0;0.0;0.0;0.0;0.0;0.0;3.7904435810962884e-07
(43.37074, -5.836589, 188.2010134141892);(43.370755, -5.836985, 188.1456040246412);932.587866770764;936.4445033908077;8.333333333333334;8.333333333333334;1543.2708036214117;3.858177009053529;0.0;0.0;0.0017398250652786533;0.0065243439947949506;0.0005654431462155623;4.349562663196633e-05;0.0;1.728231942572241e-07
(43.370755, -5.836985, 188.1456040246412);(43.370804, -5.837418, 188.2429276350886);936.4445033908077;940.7061740845252;8.333333333333334;8.333333333333334;2499.6529406264276;6.249132351566069;0.0;0.0;0.002550186779943993;0.009563200424789971;0.0008288107034817976;6.375466949859982e-05;0.0;2.7992370743217996e-07
(43.370804, -5.837418, 188.2429276350886);(43.370735, -5.837866, 189.6536457147449);940.7061740845252;945.1594151923388;8.333333333333334;8.333333333333334;9162.965041109981;22.907412602774954;0.0;0.0;0.00894606365905221;0.033547738721445786;0.002907470689191968;0.00022365159147630525;0.0;1.026116071470895e-06
(43.370735, -5.837866, 189.6536457147449);(43.370644, -5.838341, 190.3229339802638);945.1594151923388;949.9358582666595;8.333333333333334;8.333333333333334;5607.552374873842;14.018880937184607;0.0;0.0;0.0051043552953719444;0.01914133235764479;0.0016589154709958818;0.0001276088823842986;0.0;6.2796352306871e-07
(43.370644, -5.838341, 190.3229339802638);(43.370597, -5.838711, 190.5272214803845);949.9358582666595;953.5885875893991;8.333333333333334;8.333333333333334;2746.484550163076;6.8662113754076906;0.0;0.0;0.0032691273071571935;0.012259227401839476;0.001062466374826088;8.172818267892985e-05;0.0;3.0756611249231013e-07
(43.370597, -5.838711, 190.5272214803845);(43.370564, -5.839176, 190.6460798233747);953.5885875893991;958.1324831766185;8.333333333333334;8.333333333333334;2737.7482577199294;6.844370644299824;0.0;0.0;0.002619614175975963;0.00982355315990986;0.0008513746071921879;6.549035439939907e-05;0.0;3.065878632363687e-07
(43.370564, -5.839176, 190.6460798233747);(43.370527, -5.839679, 191.1775635369122);958.1324831766185;963.0494233436335;8.333333333333334;8.333333333333334;4980.995347123579;12.452488367808948;0.0;0.0;0.004404467163239904;0.016516751862149643;0.001431451828052969;0.00011011167908099761;0.0;5.577990693911991e-07
(43.370527, -5.839679, 191.1775635369122);(43.370492, -5.839984, 191.6319938581437);963.0494233436335;966.0523039406567;8.333333333333334;7.333333333333334;3691.8679952233047;9.229669988058262;0.0;0.0;0.005345400677983764;0.020045252542439114;0.0017372552203447232;0.0001336350169495941;0.0;4.134357983220838e-07
(43.370492, -5.839984, 191.6319938581437);(43.37048878247034, -5.840351266600083, 191.4583998527378);966.0523039406567;974.1710843180712;7.333333333333334;0;811.7059319908371;2.029264829977093;0.0;0.0;0.00043469044141960226;0.0016300891553235083;0.00014127439346137073;1.0867261035490057e-05;0.0;9.089934732704326e-08
(43.37048878247034, -5.840351266600083, 191.4583998527378);(43.370412, -5.840815, 192.3128602476791);974.1710843180712;983.4209765672009;0;8.333333333333334;6214.141611871959;15.535354029679898;0.0;0.0;0.0029208996473100413;0.010953373677412653;0.0009492923853757633;7.302249118275103e-05;0.0;6.958943991590397e-07
(43.370412, -5.840815, 192.3128602476791);(43.370326, -5.841228, 193.4012771965936);983.4209765672009;987.5982207556543;8.333333333333334;8.333333333333334;7415.300775556262;18.538251938890657;0.0;0.0;0.007718111917830969;0.02894291969186613;0.002508386373295065;0.0001929527979457742;0.0;8.304078088570321e-07
(43.370326, -5.841228, 193.4012771965936);(43.370216, -5.841603, 194.8216352015734);987.5982207556543;991.5292499458108;8.333333333333334;8.333333333333334;8954.467021831662;22.386167554579156;0.0;0.0;0.009903886089119131;0.037139572834196735;0.0032187629789637174;0.0002475971522279782;0.0;1.002774262623068e-06
(43.370216, -5.841603, 194.8216352015734);(43.370135, -5.841974, 193.4645069055259);991.5292499458108;995.2957136477211;8.333333333333334;0.3333333333333339;-5023.601142395119;-12.559002855987796;0.0;0.0;0.0;0.0;0.0;0.0;0.0;5.625731304984309e-07
(43.370135, -5.841974, 193.4645069055259);(43.37008225320871, -5.842165110418014, 194.9109627865255);995.2957136477211;1094.6614435185757;0.3333333333333339;0;8127.7219656371;20.31930491409275;0.0;0.0;0.00035563490184850594;0.001333630881931897;0.00011558134310076442;8.890872546212647e-06;0.0;9.101913425959651e-07
(43.37008225320871, -5.842165110418014, 194.9109627865255);(43.369912, -5.842561, 196.7718031192198);1094.6614435185757;1104.8197481915438;0;7.333333333333334;11172.267863915613;27.930669659789032;0.0;0.0;0.004781809488197328;0.01793178558073998;0.0015540880836641315;0.00011954523720493318;0.0;1.2511392149295375e-06
(43.369912, -5.842561, 196.7718031192198);(43.369719, -5.842929, 198.6282907947898);1104.8197481915438;1109.509202582459;7.333333333333334;8.333333333333334;11304.263827765757;28.260659569414393;0.0;0.0;0.010480744467717662;0.039302791753941226;0.00340624195200824;0.0002620186116929415;0.0;1.2659237224058966e-06
(43.369719, -5.842929, 198.6282907947898);(43.369572, -5.843169, 199.3674907907844);1109.509202582459;1112.5570815824758;8.333333333333334;8.333333333333334;5123.315220351213;12.808288050878032;0.0;0.0;0.007308454032007729;0.027406702620028978;0.0023752475604025118;0.00018271135080019318;0.0;5.737426803593356e-07
(43.369572, -5.843169, 199.3674907907844);(43.369358, -5.843453, 199.3086463715881);1112.5570815824758;1116.528185560742;8.333333333333334;8.333333333333334;1555.6502995077517;3.8891257487693793;0.0;0.0;0.0017032283695917073;0.006387106385968902;0.0005535492201173048;4.258070923979268e-05;0.0;1.7421209174642625e-07
(43.369358, -5.843453, 199.3086463715881);(43.369138, -5.843684, 198.7424810566008);1116.528185560742;1120.2228472392346;8.333333333333334;8.333333333333334;-1116.6388097625047;-2.791597024406262;0.0;0.0;0.0;0.0;0.0;0.0;0.0;1.2504866755885284e-07
(43.369138, -5.843684, 198.7424810566008);(43.368952, -5.843863, 200.5381246488541);1120.2228472392346;1123.2527280164811;8.333333333333334;5.333333333333334;10365.882210250085;25.914705525625212;0.0;0.0;0.01487486023427032;0.055780725878513696;0.0048343295761378545;0.000371871505856758;0.0;1.160842722173901e-06
(43.368952, -5.843863, 200.5381246488541);(43.3688244768568, -5.844015937001597, 200.6037318166345);1123.2527280164811;1130.312116561218;5.333333333333334;0;1381.0468871168791;3.4526172177921977;0.0;0.0;0.0008505767383484611;0.003189662768806729;0.00027643743996324984;2.1264418458711525e-05;0.0;1.5465939741320747e-07
(43.3688244768568, -5.844015937001597, 200.6037318166345);(43.368452, -5.844301, 199.7338861636817);1130.312116561218;1141.6869958860884;0;4.333333333333334;-1983.9357883088082;-4.959839470772021;0.0;0.0;0.0;0.0;0.0;0.0;0.0;2.221751768658938e-07
(43.368452, -5.844301, 199.7338861636817);(43.368196, -5.84457, 200.6601441260427);1141.6869958860884;1146.7265852337935;4.333333333333334;8.88888888888889;6641.17533139563;16.602938328489074;0.0;0.0;0.0057295690901964505;0.021485884088236686;0.001862109954313846;0.00014323922725491126;0.0;7.437262511012695e-07
(43.368196, -5.84457, 200.6601441260427);(43.367931, -5.844845, 201.2451272085309);1146.7265852337935;1150.1178615793617;8.88888888888889;12.88888888888889;5048.139217664019;12.620348044160048;0.0;0.0;0.0064720267959968115;0.024270100484988042;0.002103408708698964;0.0001618006698999203;0.0;5.653272328915667e-07
(43.367931, -5.844845, 201.2451272085309);(43.367666, -5.845072, 201.6842633336782);1150.1178615793617;1152.7108906814665;12.88888888888889;13.88888888888889;4303.411912250462;10.758529780626155;0.0;0.0;0.007215687074169233;0.02705882652813462;0.0023450982991050006;0.0001803921768542308;0.0;4.819276743773078e-07
(43.367666, -5.845072, 201.6842633336782);(43.367469, -5.845255, 201.1927936282009);1152.7108906814665;1154.614520840035;13.88888888888889;13.88888888888889;-831.4737250248206;-2.0786843125620518;0.0;0.0;0.0;0.0;0.0;0.0;0.0;9.311457283362283e-08
(43.367469, -5.845255, 201.1927936282009);(43.367268, -5.845456, 201.2720259251073);1154.614520840035;1156.60476846834;13.88888888888889;13.88888888888889;2103.432349368417;5.258580873421042;0.0;0.0;0.004595085511304826;0.017231570667393097;0.0014934027911740688;0.00011487713778262067;0.0;2.3555793491650452e-07
(43.367268, -5.845456, 201.2720259251073);(43.367003, -5.845692, 201.928569143638);1156.60476846834;1159.1326835874017;13.88888888888889;3.8888888888888893;5457.1028369962105;13.642757092490527;0.0;0.0;0.00938581121454027;0.03519679205452601;0.003050388644725588;0.00023464528036350676;0.0;6.111272682573343e-07
(43.367003, -5.845692, 201.928569143638);(43.366814, -5.845869, 203.0119795249775);1159.1326835874017;1171.1789414447423;3.8888888888888893;0.3333333333333339;6990.028061902271;17.475070154755677;0.0;0.0;0.002522893558813973;0.009460850845552399;0.0008199404066145413;6.307233897034933e-05;0.0;7.827964758883137e-07
(43.366814, -5.845869, 203.0119795249775);(43.366566, -5.846085, 203.4450326515362);1171.1789414447423;1178.7123340326627;0.3333333333333339;8.333333333333334;3812.458221758667;9.531145554396668;0.0;0.0;0.002200324106110342;0.008251215397913781;0.000715105334485861;5.5008102652758546e-05;0.0;4.269482681056284e-07
(43.366566, -5.846085, 203.4450326515362);(43.366283, -5.846278, 205.803621689789);1178.7123340326627;1182.9264948165599;8.333333333333334;2.333333333333334;13724.890945560295;34.31222736390074;0.0;0.0;0.014160218832124488;0.05310082062046683;0.004602071120440458;0.00035400547080311216;0.0;1.5370220639703783e-06
(43.366283, -5.846278, 205.803621689789);(43.36603161023792, -5.846328445655765, 207.8322619842365);1182.9264948165599;1207.12114438012;2.333333333333334;0;11687.460826931861;29.218652067329653;0.0;0.0;0.002100259685106155;0.00787597381914808;0.0006825843976595005;5.250649212765388e-05;0.0;1.3088580639928201e-06
(43.36603161023792, -5.846328445655765, 207.8322619842365);(43.365719, -5.846301, 210.2822399493307);1207.12114438012;1218.1112907033466;0;6.333333333333334;13964.282821822007;34.91070705455502;0.0;0.0;0.005524428097016609;0.02071660536381228;0.001795439131530398;0.00013811070242541521;0.0;1.5638378238891212e-06
(43.365719, -5.846301, 210.2822399493307);(43.365489, -5.846262, 211.441519068554);1218.1112907033466;1221.6223491394828;6.333333333333334;8.333333333333334;7187.974521413036;17.96993630353259;0.0;0.0;0.0089010375945125;0.03337889097942187;0.002892837218216562;0.00022252593986281247;0.0;8.049713413687934e-07
(43.365489, -5.846262, 211.441519068554);(43.36522, -5.846315, 213.1325316820294);1221.6223491394828;1225.2455149134366;8.333333333333334;8.333333333333334;10127.823758381805;25.31955939595451;0.0;0.0;0.01215346442532159;0.045575491594955955;0.003949875938229517;0.0003038366106330397;0.0;1.1342035261157927e-06
(43.36522, -5.846315, 213.1325316820294);(43.365036, -5.846571, 214.4792048847303);1225.2455149134366;1228.740940337666;8.333333333333334;8.333333333333334;8354.846972366417;20.887117430916042;0.0;0.0;0.010392274819307152;0.03897103057240181;0.003377489316274824;0.0002598068704826788;0.0;9.356521808156042e-07
(43.365036, -5.846571, 214.4792048847303);(43.364808, -5.846866, 212.6821167990565);1228.740940337666;1232.9210402241445;8.333333333333334;1.333333333333334;-7053.762777817864;-17.63440694454466;0.0;0.0;0.0;0.0;0.0;0.0;0.0;7.899454400189635e-07
(43.364808, -5.846866, 212.6821167990565);(43.364654933802086, -5.847068425424542, 215.1030042562634);1232.9210402241445;1268.3672150563489;1.333333333333334;0;13318.14159913807;33.295353997845176;0.0;0.0;0.001633602603062945;0.006126009761486043;0.000530920845995457;4.0840065076573615e-05;0.0;1.4914886816928903e-06
(43.364654933802086, -5.847068425424542, 215.1030042562634);(43.364454, -5.847294, 216.0360453631729);1268.3672150563489;1276.2370364548965;0;7.333333333333334;6119.466713511554;15.298666783778886;0.0;0.0;0.0033808107792862776;0.01267804042232354;0.0010987635032680403;8.452026948215694e-05;0.0;6.853150808483832e-07
(43.364454, -5.847294, 216.0360453631729);(43.364181, -5.847487, 217.332142945379);1276.2370364548965;1280.59369423417;7.333333333333334;8.333333333333334;8351.002892563001;20.877507231407503;0.0;0.0;0.008334073977825575;0.03125277741684591;0.002708574042793312;0.00020835184944563936;0.0;9.352245007984314e-07
(43.364181, -5.847487, 217.332142945379);(43.363926, -5.847476, 218.6007349602878);1280.59369423417;1283.995032425871;8.333333333333334;8.333333333333334;7917.358611525256;19.79339652881314;0.0;0.0;0.010120516211816392;0.03795193579431147;0.0032891677688403273;0.0002530129052954098;0.0;8.866625338211521e-07
(43.363926, -5.847476, 218.6007349602878);(43.363927, -5.847166, 218.204096859321);1283.995032425871;1287.0104224177273;8.333333333333334;8.333333333333334;-595.9699269716602;-1.4899248174291506;0.0;0.0;0.0;0.0;0.0;0.0;0.0;6.674255225291858e-08
(43.363927, -5.847166, 218.204096859321);(43.363731, -5.846848, 219.7358025657013);1287.0104224177273;1291.0596068115133;8.333333333333334;8.333333333333334;9531.833521876753;23.829583804691882;0.0;0.0;0.01023484001038391;0.03838065003893965;0.0033263230033747705;0.00025587100025959775;0.0;1.0674693816421174e-06
(43.363731, -5.846848, 219.7358025657013);(43.363459, -5.846926, 221.3649143073708);1291.0596068115133;1294.7644248051377;8.333333333333334;8.333333333333334;9853.565760514559;24.633914401286397;0.0;0.0;0.011563750321023306;0.0433640637038374;0.0037582188543325745;0.0002890937580255827;0.0;1.103502928952788e-06
(43.363459, -5.846926, 221.3649143073708);(43.363257, -5.847062, 222.6561918305233);1294.7644248051377;1297.7648551190873;8.333333333333334;8.333333333333334;7840.25409337743;19.600635233443576;0.0;0.0;0.011361057484678486;0.04260396556754432;0.0036923436825205074;0.00028402643711696214;0.0;8.780338277271938e-07
(43.363257, -5.847062, 222.6561918305233);(43.362911, -5.847185, 224.7454068437219);1297.7648551190873;1302.5303530461542;8.333333333333334;8.333333333333334;12642.596385969106;31.606490964922763;0.0;0.0;0.011534536624509767;0.04325451234191162;0.0037487244029656736;0.0002883634156127441;0.0;1.41585437236382e-06
(43.362911, -5.847185, 224.7454068437219);(43.362821, -5.847587, 225.5892891408876);1302.5303530461542;1306.6206134224988;8.333333333333334;8.333333333333334;6115.25371967517;15.288134299187925;0.0;0.0;0.006500334258554801;0.0243762534695805;0.0021126086340303102;0.00016250835646387;0.0;6.848536424476729e-07
(43.362821, -5.847587, 225.5892891408876);(43.362663, -5.847977, 225.4092950336635);1306.6206134224988;1310.9597931597475;8.333333333333334;8.333333333333334;1099.1833528565394;2.7479583821413485;0.0;0.0;0.0011013736109784106;0.00413015104116904;0.0003579464235679834;2.7534340274460265e-05;0.0;1.230987601599291e-07
(43.362663, -5.847977, 225.4092950336635);(43.362514, -5.848228, 225.9302707761526);1310.9597931597475;1314.1073438971723;8.333333333333334;8.333333333333334;4062.5473126352276;10.156368281588069;0.0;0.0;0.005611744069873795;0.02104404026202673;0.0018238168227089832;0.00014029360174684486;0.0;4.549693312054141e-07
(43.362514, -5.848228, 225.9302707761526);(43.362306, -5.848538, 226.6264486452565);1314.1073438971723;1318.204008879644;8.333333333333334;8.333333333333334;5377.961625065304;13.44490406266326;0.0;0.0;0.005707677329768328;0.021403789986631228;0.0018549951321747062;0.0001426919332442082;0.0;6.02284535664026e-07
(43.362306, -5.848538, 226.6264486452565);(43.362414, -5.848838, 226.4438818069175);1318.204008879644;1321.4580632862771;8.333333333333334;8.333333333333334;584.9453805986847;1.4623634514967117;0.0;0.0;0.0007815606217362427;0.00293085233151091;0.0002540072020642789;1.9539015543406067e-05;0.0;6.550878154238641e-08
(43.362414, -5.848838, 226.4438818069175);(43.362604, -5.84909, 226.6774514988065);1321.4580632862771;1324.9829908752847;8.333333333333334;8.333333333333334;2795.9772578565016;6.989943144641254;0.0;0.0;0.003448701442309128;0.012932630408659228;0.0011208279687504666;8.62175360577282e-05;0.0;3.131251259325533e-07
(43.362604, -5.84909, 226.6774514988065);(43.362827, -5.849403, 226.6688586762175);1324.9829908752847;1329.238400785272;8.333333333333334;5.333333333333334;1918.3465077178228;4.795866269294557;0.0;0.0;0.0019600078879598226;0.007350029579849334;0.0006370025635869423;4.900019719899555e-05;0.0;2.1483816977979114e-07
(43.362827, -5.849403, 226.6688586762175);(43.36290539527411, -5.849612070966416, 226.5823750728741);1329.238400785272;1336.3837597140882;5.333333333333334;0;620.0883741493235;1.5502209353733087;0.0;0.0;0.0003773129434369142;0.0014149235378884282;0.0001226267066169971;9.432823585922854e-06;0.0;6.94445263168575e-08
(43.36290539527411, -5.849612070966416, 226.5823750728741);(43.3632, -5.849952, 226.5599283091724);1336.3837597140882;1346.6520917256075;0;8.333333333333334;2032.677358613394;5.081693396533485;0.0;0.0;0.0008606780182244575;0.003227542568341715;0.0002797203559229487;2.1516950455611434e-05;0.0;2.2764227446205137e-07
(43.3632, -5.849952, 226.5599283091724);(43.363302, -5.850259, 226.9375431565568);1346.6520917256075;1349.9333552856879;8.333333333333334;8.333333333333334;3403.8625319899343;8.509656329974836;0.0;0.0;0.00451027539910186;0.016913532746631973;0.0014658395047081046;0.00011275688497754649;0.0;3.8120326061381605e-07
(43.363302, -5.850259, 226.9375431565568);(43.363163, -5.850598, 229.0576404780149);1349.9333552856879;1353.715883800781;8.333333333333334;8.333333333333334;12319.963680644469;30.79990920161117;0.0;0.0;0.014161177970589134;0.053104417389709245;0.004602382840441468;0.0003540294492647283;0.0;1.379732788876282e-06
(43.363163, -5.850598, 229.0576404780149);(43.362976, -5.850975, 231.3851359821856);1353.715883800781;1358.150205547674;8.333333333333334;8.333333333333334;13661.28536392325;34.153213409808124;0.0;0.0;0.013394809009572113;0.05023053378589541;0.004353312928110936;0.00033487022523930277;0.0;1.5299558487199743e-06
(43.362976, -5.850975, 231.3851359821856);(43.362845, -5.851249, 232.4545096494257);1358.150205547674;1361.3366921199342;8.333333333333334;8.333333333333334;6818.621324697345;17.046553311743363;0.0;0.0;0.009303720257502384;0.03488895096563393;0.003023709083688274;0.00023259300643755954;0.0;7.636338279770409e-07
(43.362845, -5.851249, 232.4545096494257);(43.362716, -5.851638, 233.7791410256177);1361.3366921199342;1365.4930621967;8.333333333333334;8.333333333333334;8543.412076320154;21.358530190800384;0.0;0.0;0.008936949600490776;0.03351356100184041;0.002904508620159502;0.0002234237400122694;0.0;9.567989475198857e-07
(43.362716, -5.851638, 233.7791410256177);(43.362611, -5.851929, 235.4049780871719);1365.4930621967;1368.6508994510664;8.333333333333334;7.333333333333334;9571.20413504842;23.92801033762105;0.0;0.0;0.013177984699626442;0.04941744262359916;0.004282845027378594;0.0003294496174906611;0.0;1.0719066248292346e-06
(43.362611, -5.851929, 235.4049780871719);(43.36236424073428, -5.852472723118162, 237.0555538479239);1368.6508994510664;1382.8067625454887;7.333333333333334;0;11131.772078719325;27.829430196798313;0.0;0.0;0.0034190079908995594;0.012821279965873348;0.0011111775970423568;8.547519977248897e-05;0.0;1.246681708950869e-06
(43.36236424073428, -5.852472723118162, 237.0555538479239);(43.362236, -5.85271, 239.152516502887);1382.8067625454887;1393.8541064733738;0;4.333333333333334;11629.655926517404;29.07413981629351;0.0;0.0;0.0045770025582358076;0.01716375959338428;0.0014875258314266376;0.0001144250639558952;0.0;1.3024431218176128e-06
(43.362236, -5.85271, 239.152516502887);(43.362115, -5.852991, 239.936214780435);1393.8541064733738;1398.0302727970234;4.333333333333334;8.333333333333334;5307.585858127969;13.268964645319922;0.0;0.0;0.005525752200540638;0.02072157075202739;0.001795869465175707;0.00013814380501351594;0.0;5.944145768595869e-07
(43.362115, -5.852991, 239.936214780435);(43.361973, -5.85332, 242.1034853542224);1398.0302727970234;1401.7485682435067;8.333333333333334;8.333333333333334;12518.283852731194;31.295709631827986;0.0;0.0;0.014637707487797113;0.05489140307923917;0.0047572549335340615;0.0003659426871949278;0.0;1.4019686393398463e-06
(43.361973, -5.85332, 242.1034853542224);(43.361885, -5.853651, 242.1293680854142);1401.7485682435067;1405.175390101249;8.333333333333334;8.333333333333334;1704.2608385341186;4.2606520963352965;0.0;0.0;0.002162303743924142;0.008108639039715532;0.0007027487167753462;5.4057593598103554e-05;0.0;1.9086684931896986e-07
(43.361885, -5.853651, 242.1293680854142);(43.361628, -5.853949, 242.8553336039186);1405.175390101249;1409.6634126089514;8.333333333333334;8.333333333333334;5700.018925353682;14.250047313384204;0.0;0.0;0.0055219622756494564;0.020707358533685456;0.0017946377395860733;0.00013804905689123638;0.0;6.383677843051316e-07
(43.361628, -5.853949, 242.8553336039186);(43.36152, -5.854287, 244.6584088765085);1409.6634126089514;1413.2527143329871;8.333333333333334;8.333333333333334;10653.526736157462;26.633816840393656;0.0;0.0;0.012904928318334053;0.0483934811937527;0.004194101703458567;0.0003226232079583513;0.0;1.1931332428128627e-06
(43.36152, -5.854287, 244.6584088765085);(43.3614, -5.854682, 245.1486098999158);1413.2527143329871;1417.4147827080783;8.333333333333334;8.333333333333334;4368.629819503892;10.921574548759729;0.0;0.0;0.004563606596943313;0.01711352473853742;0.0014831721440065765;0.00011409016492358281;0.0;4.892621406322917e-07
(43.3614, -5.854682, 245.1486098999158);(43.361335, -5.855131, 244.9420181559399);1417.4147827080783;1421.8675150289796;8.333333333333334;8.333333333333334;1008.7530503552692;2.521882625888173;0.0;0.0;0.0009849868601002794;0.0036937007253760477;0.0003201207295325909;2.4624671502506987e-05;0.0;1.1297474499189757e-07
(43.361335, -5.855131, 244.9420181559399);(43.361301, -5.855495, 244.640794692561);1421.8675150289796;1425.4371804504835;8.333333333333334;8.333333333333334;128.57383059212657;0.3214345764803164;0.0;0.0;0.0001566019749024143;0.0005872574058840536;5.089564184328464e-05;3.915049372560358e-06;0.0;1.4399556215186258e-08
(43.361301, -5.855495, 244.640794692561);(43.361262, -5.855842, 243.9194572400302);1425.4371804504835;1428.8523969759415;8.333333333333334;8.333333333333334;-2047.2510937565246;-5.118127734391312;0.0;0.0;0.0;0.0;0.0;0.0;0.0;2.292807724785225e-07
(43.361262, -5.855842, 243.9194572400302);(43.361226, -5.856194, 243.1067018918693);1428.8523969759415;1432.3099150083992;8.333333333333334;8.333333333333334;-2485.61772517539;-6.2140443129384755;0.0;0.0;0.0;0.0;0.0;0.0;0.0;2.783753992849114e-07
(43.361226, -5.856194, 243.1067018918693);(43.36119, -5.856503, 242.4301307247952);1432.3099150083992;1435.3537600764234;8.333333333333334;8.333333333333334;-1993.5339570509118;-4.9838348926272795;0.0;0.0;0.0;0.0;0.0;0.0;0.0;2.2326474102326206e-07
(43.36119, -5.856503, 242.4301307247952);(43.361303, -5.856905, 242.2513870168477);1435.3537600764234;1439.5443349422028;8.333333333333334;8.333333333333334;1026.6921313579212;2.566730328394803;0.0;0.0;0.0010652187289251016;0.0039945702334691306;0.000346196086900658;2.663046822312754e-05;0.0;1.149838246519863e-07
(43.361303, -5.856905, 242.2513870168477);(43.361297, -5.857224, 242.3532238816842);1439.5443349422028;1442.6484029127823;8.333333333333334;8.333333333333334;1934.7207233883314;4.836801808470828;0.0;0.0;0.002709937189472264;0.01016226446052099;0.0008807295865784859;6.77484297368066e-05;0.0;2.166780194766697e-07
(43.361297, -5.857224, 242.3532238816842);(43.361069, -5.85749, 242.8611417878419);1442.6484029127823;1446.6402472810173;8.333333333333334;8.333333333333334;4377.118260285003;10.942795650712508;0.0;0.0;0.004767457646695667;0.01787796617510875;0.0015494237351760915;0.00011918644116739166;0.0;4.902132313915786e-07
(43.361069, -5.85749, 242.8611417878419);(43.360968, -5.857871, 242.868025447242);1446.6402472810173;1450.5834320777;8.333333333333334;4.333333333333334;1843.1496369716629;4.6078740924291575;0.0;0.0;0.0020322897573888518;0.007621086590208194;0.0006604941711513769;5.0807243934721296e-05;0.0;2.064227271341205e-07
(43.360968, -5.857871, 242.868025447242);(43.36096519767595, -5.858086095875224, 243.0099597806111);1450.5834320777;1458.632148397149;4.333333333333334;0;1671.2911403820362;4.178227850955091;0.0;0.0;0.0009028126884648217;0.003385547581743081;0.00029341412375106704;2.257031721162054e-05;0.0;1.8717553598987043e-07
(43.36096519767595, -5.858086095875224, 243.0099597806111);(43.36088, -5.858778, 243.1325131170452);1458.632148397149;1472.2834172390103;0;8.333333333333334;3466.4505387908457;8.666126346977114;0.0;0.0;0.0011040383319888044;0.004140143744958017;0.00035881245789636147;2.7600958299720112e-05;0.0;3.8822371162028215e-07
(43.36088, -5.858778, 243.1325131170452);(43.360825, -5.859161, 243.4581402922049);1472.2834172390103;1476.080507296121;8.333333333333334;4.333333333333334;3372.4321986248933;8.431080496562233;0.0;0.0;0.0038615751718122414;0.014480906894295905;0.0012550119308389785;9.653937929530604e-05;0.0;3.776942887747836e-07
(43.360825, -5.859161, 243.4581402922049);(43.360765, -5.85962, 244.3066737186164);1476.080507296121;1481.3961299931254;4.333333333333334;5.888888888888889;6330.203430734477;15.825508576836192;0.0;0.0;0.005177685697556872;0.019416321365838266;0.0016827478517059834;0.0001294421424389218;0.0;7.089492549827033e-07
(43.360765, -5.85962, 244.3066737186164);(43.360706, -5.859981, 245.251243961975);1481.3961299931254;1485.1975078204414;5.888888888888889;9.88888888888889;6419.117972761258;16.047794931903145;0.0;0.0;0.007341866513944716;0.027531999427292682;0.0023861066170320325;0.00018354666284861785;0.0;7.189079877928013e-07
(43.360706, -5.859981, 245.251243961975);(43.360649, -5.860414, 244.5312581239268);1485.1975078204414;1488.1975116910257;9.88888888888889;13.88888888888889;-1600.9698376332842;-4.002424594083211;0.0;0.0;0.0;0.0;0.0;0.0;0.0;1.7930044487048493e-07
(43.360649, -5.860414, 244.5312581239268);(43.360631, -5.860799, 245.4407700225711);1488.1975116910257;1490.449171296197;13.88888888888889;13.88888888888889;6442.814447534166;16.107036118835413;0.0;0.0;0.012440706696552202;0.04665265011207076;0.004043229676379466;0.00031101766741380507;0.0;7.215629851352646e-07
(43.360631, -5.860799, 245.4407700225711);(43.360559, -5.861169, 246.711752361618);1490.449171296197;1492.6841593710103;13.88888888888889;13.88888888888889;8233.448486302157;20.583621215755393;0.0;0.0;0.016016909672928074;0.06006341127348028;0.005205495643701624;0.0004004227418232019;0.0;9.221072615116909e-07
(43.360559, -5.861169, 246.711752361618);(43.360509, -5.861534, 248.2078223275021);1492.6841593710103;1494.8517045101569;13.88888888888889;13.88888888888889;9296.819604323606;23.242049010809016;0.0;0.0;0.018648264375856087;0.06993099140946032;0.0060606859221532285;0.00046620660939640214;0.0;1.0412033184653542e-06
(43.360509, -5.861534, 248.2078223275021);(43.360465, -5.861938, 249.9308119295165);1494.8517045101569;1497.2357786842406;13.88888888888889;13.88888888888889;10610.493074380116;26.52623268595029;0.0;0.0;0.019350311783815164;0.07256366918930687;0.006288851329739929;0.0004837577945953791;0.0;1.1883339667313563e-06
(43.360465, -5.861938, 249.9308119295165);(43.360408, -5.862371, 251.3657840900123);1497.2357786842406;1499.8037918379694;13.88888888888889;13.88888888888889;9332.874245290803;23.332185613227008;0.0;0.0;0.015801209604803204;0.05925453601801201;0.005135393121561041;0.00039503024012008006;0.0;1.0452497074883975e-06
(43.360408, -5.862371, 251.3657840900123);(43.360347, -5.862671, 251.7077306862921);1499.8037918379694;1501.62146733393;13.88888888888889;13.88888888888889;3236.5743612452925;8.091435903113231;0.0;0.0;0.0077417902543488485;0.029031713453808183;0.0025160818326633756;0.0001935447563587212;0.0;3.6248587523149445e-07
(43.360347, -5.862671, 251.7077306862921);(43.360263, -5.863003, 252.0407258700579);1501.62146733393;1503.672389038383;13.88888888888889;13.88888888888889;3387.0074231616763;8.46751855790419;0.0;0.0;0.007180244472114207;0.026925916770428274;0.002333579453437117;0.00017950611180285518;0.0;3.7933413383732056e-07
(43.360263, -5.863003, 252.0407258700579);(43.360186, -5.863372, 253.0958670694381);1503.672389038383;1505.9124168305157;13.88888888888889;2.8888888888888893;7159.218961804208;17.89804740451052;0.0;0.0;0.013895827129328242;0.0521093517349809;0.004516143817031679;0.00034739567823320605;0.0;8.018110777000587e-07
(43.360186, -5.863372, 253.0958670694381);(43.360054990901645, -5.863683866142119, 255.21748754289);1505.9124168305157;1526.108015022398;2.8888888888888893;0;12335.91212584024;30.8397803146006;0.0;0.0;0.0026557470611932726;0.009959051479474772;0.0008631177948878136;6.639367652983182e-05;0.0;1.3815876179588692e-06
(43.360054990901645, -5.863683866142119, 255.21748754289);(43.359913, -5.864068, 256.1407227693126);1526.108015022398;1533.962105056138;0;3.8888888888888893;6375.494045669242;15.938735114173106;0.0;0.0;0.0035293126523782666;0.013234922446418499;0.0011470266120229367;8.823281630945667e-05;0.0;7.140381805722148e-07
(43.359913, -5.864068, 256.1407227693126);(43.359845, -5.864514, 257.8316951692104);1533.962105056138;1539.743265982865;3.8888888888888893;3.8888888888888893;10502.21100213203;26.255527505330075;0.0;0.0;0.007898376735145103;0.02961891275679414;0.0025669724389221584;0.0001974594183786276;0.0;1.1762210522819552e-06
(43.359845, -5.864514, 257.8316951692104);(43.359729, -5.86479, 258.1635366864502);1539.743265982865;1543.7846356364064;3.8888888888888893;1.8888888888888893;3091.7327853703946;7.729331963425986;0.0;0.0;0.0033261784025010125;0.012473169009378796;0.001081007980812829;8.315446006252532e-05;0.0;3.462666722862433e-07
(43.359729, -5.86479, 258.1635366864502);(43.359598, -5.865143, 260.3066204730421);1543.7846356364064;1551.0994752760587;1.8888888888888893;0.8888888888888893;12469.451881595693;31.17362970398923;0.0;0.0;0.007411646851007105;0.02779367569127664;0.002408785226577309;0.0001852911712751776;0.0;1.3965506748562716e-06
(43.359598, -5.865143, 260.3066204730421);(43.359477, -5.865541, 262.1100420411676);1551.0994752760587;1559.063233257713;0.8888888888888893;2.8888888888888893;10894.421905940611;27.236054764851527;0.0;0.0;0.005947826625831254;0.0223043498468672;0.0019330436533951574;0.00014869566564578135;0.0;1.22015338517618e-06
(43.359477, -5.865541, 262.1100420411676);(43.359358, -5.865933, 263.216440172866);1559.063233257713;1564.9077450608415;2.8888888888888893;5.888888888888889;7415.850017348732;18.539625043371828;0.0;0.0;0.005516769791640405;0.020687886718651512;0.0017929501822831313;0.0001379192447910101;0.0;8.305615290563159e-07
(43.359358, -5.865933, 263.216440172866);(43.359233, -5.866344, 264.0570095293224);1564.9077450608415;1569.210562926844;5.888888888888889;7.888888888888889;6206.784631273293;15.516961578183231;0.0;0.0;0.0062717086747253745;0.02351890753022015;0.0020383053192857465;0.00015679271686813435;0.0;6.951491983445854e-07
(43.359233, -5.866344, 264.0570095293224);(43.359134, -5.866682, 265.2617317400873);1569.210562926844;1572.3552315655666;7.888888888888889;8.88888888888889;7712.764742942458;19.281911857356146;0.0;0.0;0.010663686259022113;0.039988823471332924;0.0034656980341821863;0.00026659215647555285;0.0;8.638176817660791e-07
(43.359134, -5.866682, 265.2617317400873);(43.359055, -5.867041, 266.3772727837786);1572.3552315655666;1575.2811328544212;8.88888888888889;11.88888888888889;7317.868935866496;18.29467233966624;0.0;0.0;0.0108741951006637;0.04077823162748887;0.0035341134077157025;0.0002718548775165925;0.0;8.195915457809259e-07
(43.359055, -5.867041, 266.3772727837786);(43.358918, -5.867503, 267.7990322643891);1575.2811328544212;1578.4176805911081;11.88888888888889;13.88888888888889;9462.376615038089;23.655941537595222;0.0;0.0;0.013116576358862111;0.049187161345732915;0.004262887316630186;0.0003279144089715528;0.0;1.0597760621003852e-06
(43.358918, -5.867503, 267.7990322643891);(43.358815, -5.867846, 269.0085004521534);1578.4176805911081;1580.5825703185408;13.88888888888889;2.8888888888888893;7859.26902653221;19.648172566330526;0.0;0.0;0.01578405332381041;0.05919019996428903;0.005129817330238383;0.00039460133309526026;0.0;8.802322159359003e-07
(43.358815, -5.867846, 269.0085004521534);(43.358692, -5.86825, 271.6134283570573);1580.5825703185408;1601.1878512242229;2.8888888888888893;0.5555555555555554;15116.950660135162;37.79237665033791;0.0;0.0;0.003189758622375576;0.01196159483390841;0.0010366715522720624;7.974396555938941e-05;0.0;1.6930908946825575e-06
(43.358692, -5.86825, 271.6134283570573);(43.358563518820745, -5.8685384936047225, 275.562148462981);1601.1878512242229;1699.8235542625741;0.5555555555555554;0;20760.787895869613;51.90196973967403;0.0;0.0;0.0009151280157078292;0.0034317300589043597;0.0002974166051050445;2.287820039269573e-05;0.0;2.3252014350544198e-06
(43.358563518820745, -5.8685384936047225, 275.562148462981);(43.358404, -5.869024, 277.38280101493);1699.8235542625741;1709.5354208810038;0;1.8888888888888893;11274.852107532563;28.187130268831407;0.0;0.0;0.005047546269496967;0.018928298510613627;0.0016404525375865143;0.0001261886567374242;0.0;1.2627817317730579e-06
(43.358404, -5.869024, 277.38280101493);(43.358301, -5.86938, 279.2574544213712);1709.5354208810038;1716.6090263055796;1.8888888888888893;0.8888888888888893;11070.484354478693;27.67621088619673;0.0;0.0;0.006804527222344023;0.025516977083790082;0.0022114713472618074;0.00017011318055860054;0.0;1.239894984679329e-06
(43.358301, -5.86938, 279.2574544213712);(43.35819, -5.869759, 281.5170174054801);1716.6090263055796;1725.1221118380372;0.8888888888888893;0.8888888888888893;13044.933976259934;32.61233494064984;0.0;0.0;0.006662343991301962;0.024983789967382354;0.0021652617971731373;0.00016655859978254904;0.0;1.4610368831612655e-06
(43.35819, -5.869759, 281.5170174054801);(43.358091, -5.870037, 283.0281986324117);1725.1221118380372;1732.5219029286538;0.8888888888888893;0.8888888888888893;8889.293520240717;22.223233800601793;0.0;0.0;0.005222999107491752;0.01958624665309407;0.0016974747099348193;0.0001305749776872938;0.0;9.956057784050169e-07
(43.358091, -5.870037, 283.0281986324117);(43.357952, -5.870516, 284.851989582181);1732.5219029286538;1741.0695936254635;0.8888888888888893;5.888888888888889;11333.718303950163;28.33429575987541;0.0;0.0;0.005764953114473726;0.021618574179276474;0.001873609762203961;0.00014412382786184317;0.0;1.2693849157189638e-06
(43.357952, -5.870516, 284.851989582181);(43.357638, -5.870823, 286.6088291537017);1741.0695936254635;1746.1778769548005;5.888888888888889;2.8888888888888893;11147.895618126762;27.869739045316905;0.0;0.0;0.009488336542493874;0.035581262034352024;0.0030837093763105092;0.00023720841356234687;0.0;1.2485757308288826e-06
(43.357638, -5.870823, 286.6088291537017);(43.35742470882092, -5.870697714835655, 289.5797064192593);1746.1778769548005;1764.0265513429486;2.8888888888888893;0;16152.14474698033;40.38036186745082;0.0;0.0;0.003934562016429126;0.014754607561609224;0.0012787326553394662;9.836405041072815e-05;0.0;1.8090615007382797e-06
(43.35742470882092, -5.870697714835655, 289.5797064192593);(43.357216, -5.871023, 290.51973410137);1764.0265513429486;1772.454033146203;0;2.333333333333334;6469.934285885735;16.174835714714337;0.0;0.0;0.003337906829796431;0.012517150611736617;0.0010848197196838402;8.344767074491079e-05;0.0;7.246423128822125e-07
(43.357216, -5.871023, 290.51973410137);(43.357108, -5.871406, 292.1677432060242);1772.454033146203;1778.966611262975;2.333333333333334;1.8888888888888893;10054.795525092855;25.136988812732138;0.0;0.0;0.006712626167266814;0.02517234812725055;0.0021816035043617146;0.00016781565418167032;0.0;1.126153790376166e-06
(43.357108, -5.871406, 292.1677432060242);(43.356988, -5.871783, 293.3875760603696);1778.966611262975;1785.786901374725;1.8888888888888893;3.8888888888888893;7912.751380945868;19.78187845236467;0.0;0.0;0.0050442527091931096;0.018915947659474158;0.0016393821304877603;0.00012610631772982773;0.0;8.862428300658347e-07
(43.356988, -5.871783, 293.3875760603696);(43.356894, -5.872158, 293.4625620804727);1785.786901374725;1790.4529737836901;3.8888888888888893;6.888888888888889;2116.616818291384;5.29154204572846;0.0;0.0;0.001972254395576149;0.007395953983410559;0.0006409826785622484;4.930635988940372e-05;0.0;2.370651971254034e-07
(43.356894, -5.872158, 293.4625620804727);(43.356781, -5.872517, 293.9544434165582);1790.4529737836901;1794.01872345275;6.888888888888889;8.88888888888889;4231.504605318882;10.578761513297204;0.0;0.0;0.005159601154764404;0.019348504330366518;0.0016768703752984312;0.00012899002886911012;0.0;4.739369675860949e-07
(43.356781, -5.872517, 293.9544434165582);(43.356655, -5.872905, 295.3746554898098);1794.01872345275;1797.3327085163933;8.88888888888889;2.8888888888888893;9055.26144327546;22.63815360818865;0.0;0.0;0.011880168791105561;0.044550632966645846;0.0038610548571093068;0.000297004219777639;0.0;1.0142092886137632e-06
(43.356655, -5.872905, 295.3746554898098);(43.35651, -5.873291, 297.9574065124616);1797.3327085163933;1819.1781260765677;2.8888888888888893;0.3333333333333339;14898.97394132069;37.247434853301726;0.0;0.0;0.002965296835939374;0.011119863134772652;0.0009637214716802964;7.413242089848435e-05;0.0;1.6687221369146718e-06
(43.35651, -5.873291, 297.9574065124616);(43.356411, -5.873578, 298.0756639586762);1819.1781260765677;1825.1170435086653;0.3333333333333339;8.333333333333334;1885.7757917561905;4.714439479390476;0.0;0.0;0.0013805588771508921;0.005177095789315845;0.00044868163507403994;3.45139719287723e-05;0.0;2.1121179976359685e-07
(43.356411, -5.873578, 298.0756639586762);(43.356151, -5.873534, 301.2208559606224);1825.1170435086653;1828.6096820385687;8.333333333333334;8.333333333333334;17163.005827849294;42.90751456962324;0.0;0.0;0.021365441579485223;0.08012040592306957;0.006943768513332697;0.0005341360394871305;0.0;1.922311015358774e-06
(43.356151, -5.873534, 301.2208559606224);(43.355914, -5.873396, 304.0165612027049);1828.6096820385687;1832.0427331262385;8.333333333333334;8.333333333333334;15434.74305618651;38.58685764046627;0.0;0.0;0.019547503602898073;0.07330313851086775;0.006352938670941872;0.0004886875900724517;0.0;1.7287559452094393e-06
(43.355914, -5.873396, 304.0165612027049);(43.355661, -5.873228, 307.1184452353045);1832.0427331262385;1835.7908169493749;8.333333333333334;8.333333333333334;17092.43285854328;42.731082146358204;0.0;0.0;0.019827444896827907;0.07435291836310465;0.006443919591469069;0.0004956861224206977;0.0;1.9144413158748435e-06
(43.355661, -5.873228, 307.1184452353045);(43.35539, -5.873043, 310.6999647244811);1835.7908169493749;1839.8272192802044;8.333333333333334;8.333333333333334;19576.539064067565;48.941347660168915;0.0;0.0;0.02108694333688572;0.07907603751332146;0.00685325658448786;0.0005271735834221431;0.0;2.1926974999593585e-06
(43.35539, -5.873043, 310.6999647244811);(43.355092, -5.872873, 314.7629085453227);1839.8272192802044;1844.130618737569;8.333333333333334;8.333333333333334;22052.317249430613;55.13079312357653;0.0;0.0;0.022279976833392435;0.08354991312522163;0.007240992470852541;0.0005569994208348109;0.0;2.47003259417801e-06
(43.355092, -5.872873, 314.7629085453227);(43.354882, -5.872735, 317.1305463509634);1844.130618737569;1847.2355729057392;8.333333333333334;1.333333333333334;13174.645843969096;32.93661460992274;0.0;0.0;0.018448281612020653;0.06918105604507746;0.005995691523906712;0.00046120704030051633;0.0;1.4756796512175328e-06
(43.354882, -5.872735, 317.1305463509634);(43.354682, -5.872592, 319.167400139384);1847.2355729057392;1884.8291767505239;1.333333333333334;0;11504.744676291526;28.761861690728814;0.0;0.0;0.0013305622210064818;0.004989608328774306;0.0004324327218271066;3.326405552516204e-05;0.0;1.2886410529526521e-06
